date,temperature,precipitation,pet,flow_observed,snowprecip,snowmelt,snowpack,snow_water_equivalence,precip_minus_pet,flow_predicted,infiltration,saturation_deficit_avgs,discharge_predicted
1980-01-22,-1.90,2.50,0.39,1.18,0.05,0.00,24.49,2.45,-0.34,0.07,,4.86,0.00
1980-01-23,-0.30,0.00,0.44,1.02,0.05,0.00,23.98,2.40,-0.39,0.06,,14.35,0.00
1980-01-24,-1.10,0.00,0.42,0.66,0.05,0.00,23.48,2.35,-0.37,0.05,,22.99,0.00
1980-01-25,-6.10,0.00,0.31,0.50,0.05,0.00,22.97,2.30,-0.26,0.05,,30.91,0.00
1980-01-26,-4.70,0.00,0.34,0.46,0.05,0.00,22.46,2.25,-0.29,0.04,,38.22,0.00
1980-01-27,-4.40,0.00,0.35,0.40,0.05,0.00,21.95,2.20,-0.30,0.04,,45.02,0.00
1980-01-28,-3.30,0.00,0.37,0.39,0.05,0.00,21.44,2.14,-0.32,0.04,,51.36,0.00
1980-01-29,-3.10,0.00,0.38,0.33,0.05,0.00,20.94,2.09,-0.33,0.04,,57.32,0.00
1980-01-30,-4.20,0.00,0.36,0.28,0.05,0.00,20.43,2.04,-0.31,0.03,,62.92,0.00
1980-01-31,-5.60,0.00,0.33,0.24,0.05,0.00,19.92,1.99,-0.28,0.03,,68.21,0.00
1980-02-01,-7.20,0.00,0.30,0.19,0.05,0.00,19.41,1.94,-0.25,0.03,,73.23,0.00
1980-02-02,-9.40,0.00,0.27,0.20,0.05,0.00,18.90,1.89,-0.22,0.03,,78.00,0.00
1980-02-03,-9.40,0.00,0.27,0.21,0.05,0.00,18.40,1.84,-0.22,0.03,,82.54,0.00
1980-02-04,-7.20,0.00,0.31,0.24,0.05,0.00,17.89,1.79,-0.26,0.03,,86.88,0.00
1980-02-05,-6.40,0.00,0.33,0.27,0.05,0.00,17.38,1.74,-0.28,0.02,,91.03,0.00
1980-02-06,-5.60,0.00,0.34,0.28,0.05,0.00,16.87,1.69,-0.29,0.02,,95.00,0.00
1980-02-07,-6.70,0.00,0.33,0.24,0.05,0.00,16.36,1.64,-0.28,0.02,,98.82,0.00
1980-02-08,-2.20,0.00,0.43,0.25,0.05,0.00,15.86,1.59,-0.38,0.02,,102.49,0.00
1980-02-09,-1.90,0.00,0.44,0.31,0.05,0.00,15.35,1.53,-0.39,0.02,,106.03,0.00
1980-02-10,-3.60,0.00,0.40,0.32,0.05,0.00,14.84,1.48,-0.35,0.02,,109.44,0.00
1980-02-11,-4.40,0.00,0.39,0.28,0.05,0.00,14.33,1.43,-0.34,0.02,,112.73,0.00
1980-02-12,-3.10,2.50,0.42,0.27,0.05,0.00,38.82,3.88,-0.37,0.02,,115.92,0.00
1980-02-13,-4.20,0.00,0.40,0.24,0.05,0.00,38.32,3.83,-0.35,0.02,,119.00,0.00
1980-02-14,-3.60,0.00,0.41,0.29,0.05,0.00,37.81,3.78,-0.36,0.02,,121.99,0.00
1980-02-15,-1.10,0.00,0.49,1.10,0.05,0.00,37.30,3.73,-0.44,0.02,,124.88,0.00
1980-02-16,0.30,12.70,0.54,1.26,12.98,2.33,34.46,3.45,12.44,5.36,,111.37,0.07
1980-02-17,-4.40,0.00,0.41,0.64,0.05,2.33,33.95,3.40,-0.36,0.02,,104.24,0.00
1980-02-18,-7.80,0.00,0.33,0.34,0.05,2.33,33.44,3.34,-0.28,0.02,,107.70,0.00
1980-02-19,-5.30,0.00,0.39,0.79,0.05,2.33,32.94,3.29,-0.34,0.02,,111.05,0.00
1980-02-20,0.00,0.00,0.54,1.02,0.05,0.00,32.43,3.24,-0.49,0.02,,114.29,0.00
1980-02-21,1.10,0.00,0.59,0.87,0.35,3.02,28.90,2.89,-0.24,0.02,,117.43,0.00
1980-02-22,5.80,10.20,0.79,1.97,12.41,21.64,6.76,0.68,11.62,3.24,,100.92,0.04
1980-02-23,0.60,0.00,0.58,1.42,0.22,1.65,4.60,0.46,-0.36,0.02,,94.25,0.00
1980-02-24,4.40,0.00,0.74,0.78,0.46,4.60,0.00,0.00,-0.28,0.02,,98.10,0.00
1980-02-25,3.90,0.00,0.72,0.58,0.00,0.00,0.00,0.00,-0.72,0.02,,101.80,0.00
1980-02-26,1.10,0.00,0.61,0.43,0.00,0.00,0.00,0.00,-0.61,0.02,,105.36,0.00
1980-02-27,-5.60,0.00,0.41,0.34,0.00,0.00,0.00,0.00,-0.41,0.02,,108.79,0.00
1980-02-28,-5.60,0.00,0.41,0.34,0.00,0.00,0.00,0.00,-0.41,0.02,,112.11,0.00
1980-02-29,-3.60,0.00,0.47,0.28,0.00,0.00,0.00,0.00,-0.47,0.02,,115.31,0.00
1980-03-01,-11.40,0.00,0.29,0.24,0.00,0.00,0.00,0.00,-0.29,0.02,,118.42,0.00
1980-03-02,-9.40,0.00,0.33,0.24,0.00,0.00,0.00,0.00,-0.33,0.02,,121.42,0.00
1980-03-03,-6.90,0.00,0.39,0.24,0.00,0.00,0.00,0.00,-0.39,0.02,,124.33,0.00
1980-03-04,-3.60,0.00,0.48,0.01,0.00,0.00,0.00,0.00,-0.48,0.02,,127.16,0.00
1980-03-05,1.10,2.50,0.65,0.28,2.50,0.00,0.00,0.00,1.85,2.63,,127.73,0.04
1980-03-06,3.90,0.00,0.78,0.32,0.00,0.00,0.00,0.00,-0.78,0.02,,127.17,0.00
1980-03-07,1.90,0.00,0.69,0.23,0.00,0.00,0.00,0.00,-0.69,0.02,,129.91,0.00
1980-03-08,5.00,7.60,0.84,1.02,7.60,0.00,0.00,0.00,6.76,4.25,,122.96,0.06
1980-03-09,9.70,0.00,1.14,1.73,0.00,0.00,0.00,0.00,-1.14,0.02,,115.75,0.00
1980-03-10,3.30,17.80,0.77,3.31,17.80,0.00,0.00,0.00,17.03,6.60,,106.62,0.09
1980-03-11,4.40,2.50,0.83,7.87,2.50,0.00,0.00,0.00,1.67,6.23,,99.40,0.08
1980-03-12,-1.70,0.00,0.57,1.89,0.00,0.00,0.00,0.00,-0.57,0.02,,100.89,0.00
1980-03-13,-2.20,0.00,0.56,1.10,0.00,0.00,0.00,0.00,-0.56,0.02,,104.48,0.00
1980-03-14,-2.50,15.20,0.56,2.05,0.05,0.00,151.49,15.15,-0.51,0.02,,107.95,0.00
1980-03-15,1.10,0.00,0.70,3.07,0.35,3.02,147.97,14.80,-0.35,0.02,,111.29,0.00
1980-03-16,-0.80,0.00,0.63,4.88,0.05,3.02,147.46,14.75,-0.58,0.02,,114.52,0.00
1980-03-17,1.70,7.60,0.74,10.23,8.37,7.18,139.77,13.98,7.63,3.33,,108.63,0.04
1980-03-18,7.20,5.10,1.05,11.02,7.76,26.09,113.17,11.32,6.71,2.81,,91.44,0.04
1980-03-19,2.50,0.00,0.79,2.52,0.74,6.86,105.80,10.58,-0.05,0.03,,88.33,0.00
1980-03-20,4.40,0.00,0.89,1.57,1.26,12.07,93.22,9.32,0.37,1.80,,91.79,0.02
1980-03-21,6.10,58.40,1.00,41.72,61.09,26.40,66.32,6.63,60.09,3.03,,57.09,0.04
1980-03-22,6.70,2.50,1.05,10.23,4.97,24.15,41.66,4.17,3.92,6.45,,26.09,0.09
1980-03-23,1.10,0.00,0.74,3.38,0.35,3.02,38.13,3.81,-0.39,0.05,,28.94,0.00
1980-03-24,5.30,15.20,0.97,3.15,17.27,20.22,17.41,1.74,16.30,4.40,,19.75,0.06
1980-03-25,6.10,7.60,1.03,16.53,9.34,17.41,0.00,0.00,8.31,6.74,,10.68,0.09
1980-03-26,2.20,0.00,0.81,2.68,0.00,0.00,0.00,0.00,-0.81,0.05,,15.99,0.00
1980-03-27,4.40,0.00,0.94,1.57,0.00,0.00,0.00,0.00,-0.94,0.05,,24.49,0.00
1980-03-28,6.10,0.00,1.05,1.18,0.00,0.00,0.00,0.00,-1.05,0.05,,32.29,0.00
1980-03-29,6.10,20.30,1.06,9.45,20.30,0.00,0.00,0.00,19.24,0.77,,19.12,0.01
1980-03-30,8.10,0.00,1.21,4.80,0.00,0.00,0.00,0.00,-1.21,0.06,,13.34,0.00
1980-03-31,7.20,38.10,1.15,20.47,38.10,0.00,0.00,0.00,36.95,30.80,,4.78,0.41
1980-04-01,1.90,0.00,0.84,15.74,0.00,0.00,0.00,0.00,-0.84,0.06,,5.17,0.00
1980-04-02,5.80,0.00,1.07,3.38,0.00,0.00,0.00,0.00,-1.07,0.06,,14.64,0.00
1980-04-03,7.20,0.00,1.18,1.89,0.00,0.00,0.00,0.00,-1.18,0.05,,23.25,0.00
1980-04-04,10.80,17.80,1.49,8.66,17.80,0.00,0.00,0.00,16.31,7.24,,9.82,0.10
1980-04-05,11.70,0.00,1.58,2.76,0.00,0.00,0.00,0.00,-1.58,0.67,,4.25,0.01
1980-04-06,7.50,0.00,1.23,1.42,0.00,0.00,0.00,0.00,-1.23,0.06,,13.77,0.00
1980-04-07,10.30,0.00,1.47,1.02,0.00,0.00,0.00,0.00,-1.47,0.05,,22.45,0.00
1980-04-08,12.80,0.00,1.73,0.87,0.00,0.00,0.00,0.00,-1.73,0.05,,30.42,0.00
1980-04-09,14.20,50.80,1.90,24.40,50.80,0.00,0.00,0.00,48.90,35.38,,8.72,0.47
1980-04-10,10.60,0.00,1.53,8.66,0.00,0.00,0.00,0.00,-1.53,0.06,,4.64,0.00
1980-04-11,13.90,0.00,1.89,2.44,0.00,0.00,0.00,0.00,-1.89,0.06,,14.15,0.00
1980-04-12,10.60,0.00,1.55,1.65,0.00,0.00,0.00,0.00,-1.55,0.05,,22.80,0.00
1980-04-13,15.30,0.00,2.09,1.26,0.00,0.00,0.00,0.00,-2.09,0.05,,30.74,0.00
1980-04-14,11.90,10.20,1.71,3.54,10.20,0.00,0.00,0.00,8.49,0.24,,31.71,0.00
1980-04-15,11.70,2.50,1.70,4.09,2.50,0.00,0.00,0.00,0.80,1.50,,36.78,0.02
1980-04-16,8.90,0.00,1.44,1.34,0.00,0.00,0.00,0.00,-1.44,0.04,,42.78,0.00
1980-04-17,2.50,0.00,0.97,0.87,0.00,0.00,0.00,0.00,-0.97,0.04,,49.27,0.00
1980-04-18,6.70,0.00,1.27,0.72,0.00,0.00,0.00,0.00,-1.27,0.04,,55.35,0.00
1980-04-19,9.70,0.00,1.54,0.57,0.00,0.00,0.00,0.00,-1.54,0.03,,61.07,0.00
1980-04-20,11.90,0.00,1.77,0.53,0.00,0.00,0.00,0.00,-1.77,0.03,,66.46,0.00
1980-04-21,16.40,0.00,2.36,0.50,0.00,0.00,0.00,0.00,-2.36,0.03,,71.57,0.00
1980-04-22,12.80,0.00,1.90,0.43,0.00,0.00,0.00,0.00,-1.90,0.03,,76.42,0.00
1980-04-23,8.30,0.00,1.45,0.37,0.00,0.00,0.00,0.00,-1.45,0.03,,81.03,0.00
1980-04-24,13.90,0.00,2.06,0.32,0.00,0.00,0.00,0.00,-2.06,0.03,,85.44,0.00
1980-04-25,15.60,0.00,2.30,0.31,0.00,0.00,0.00,0.00,-2.30,0.03,,89.65,0.00
1980-04-26,14.20,0.00,2.12,0.30,0.00,0.00,0.00,0.00,-2.12,0.02,,93.68,0.00
1980-04-27,12.20,10.20,1.89,0.87,10.20,0.00,0.00,0.00,8.31,0.68,,87.85,0.01
1980-04-28,10.00,53.30,1.66,25.98,53.30,0.00,0.00,0.00,51.64,24.13,,48.12,0.32
1980-04-29,8.60,17.80,1.53,17.32,17.80,0.00,0.00,0.00,16.27,27.44,,0.01,0.37
1980-04-30,10.00,2.50,1.68,3.70,2.50,0.00,0.00,0.00,0.82,10.03,,0.01,0.13
1980-05-01,12.20,0.00,1.93,2.28,0.00,0.00,0.00,0.00,-1.93,0.06,,5.05,0.00
1980-05-02,14.70,0.00,2.27,1.26,0.00,0.00,0.00,0.00,-2.27,0.06,,14.52,0.00
1980-05-03,13.90,0.00,2.17,0.94,0.00,0.00,0.00,0.00,-2.17,0.05,,23.14,0.00
1980-05-04,17.20,0.00,2.68,0.68,0.00,0.00,0.00,0.00,-2.68,0.05,,31.05,0.00
1980-05-05,15.30,2.50,2.39,0.57,2.50,0.00,0.00,0.00,0.11,1.23,,38.22,0.02
1980-05-06,19.70,0.00,3.16,0.49,0.00,0.00,0.00,0.00,-3.16,0.04,,44.90,0.00
1980-05-07,20.80,5.10,3.40,0.68,5.10,0.00,0.00,0.00,1.70,5.63,,49.26,0.07
1980-05-08,17.20,7.60,2.74,2.83,7.60,0.00,0.00,0.00,4.86,5.82,,48.54,0.08
1980-05-09,8.30,0.00,1.58,0.79,0.00,0.00,0.00,0.00,-1.58,0.04,,48.87,0.00
1980-05-10,8.10,0.00,1.57,0.49,0.00,0.00,0.00,0.00,-1.57,0.04,,54.97,0.00
1980-05-11,11.90,0.00,2.00,0.43,0.00,0.00,0.00,0.00,-2.00,0.03,,60.71,0.00
1980-05-12,14.20,12.70,2.32,1.34,12.70,0.00,0.00,0.00,10.38,0.40,,54.75,0.01
1980-05-13,18.10,12.70,2.96,4.80,12.70,0.00,0.00,0.00,9.74,6.35,,24.22,0.08
1980-05-14,20.30,0.00,3.41,1.18,0.00,0.00,0.00,0.00,-3.41,0.06,,5.87,0.00
1980-05-15,15.00,0.00,2.47,0.57,0.00,0.00,0.00,0.00,-2.47,0.06,,15.27,0.00
1980-05-16,11.40,0.00,1.98,0.56,0.00,0.00,0.00,0.00,-1.98,0.05,,23.83,0.00
1980-05-17,14.40,0.00,2.40,0.43,0.00,0.00,0.00,0.00,-2.40,0.05,,31.68,0.00
1980-05-18,16.10,2.50,2.68,0.76,2.50,0.00,0.00,0.00,-0.18,0.04,,38.94,0.00
1980-05-19,14.40,2.50,2.42,0.37,2.50,0.00,0.00,0.00,0.08,5.99,,45.58,0.08
1980-05-20,20.00,2.50,3.44,0.27,2.50,0.00,0.00,0.00,-0.94,0.04,,51.82,0.00
1980-05-21,17.50,12.70,2.96,1.97,12.70,0.00,0.00,0.00,9.74,0.96,,45.73,0.01
1980-05-22,12.80,0.00,2.22,0.72,0.00,0.00,0.00,0.00,-2.22,0.04,,45.02,0.00
1980-05-23,19.70,0.00,3.42,0.41,0.00,0.00,0.00,0.00,-3.42,0.04,,51.37,0.00
1980-05-24,22.80,0.00,4.15,0.35,0.00,0.00,0.00,0.00,-4.15,0.04,,57.32,0.00
1980-05-25,22.20,0.00,4.02,0.34,0.00,0.00,0.00,0.00,-4.02,0.03,,62.92,0.00
1980-05-26,19.20,0.00,3.35,0.24,0.00,0.00,0.00,0.00,-3.35,0.03,,68.22,0.00
1980-05-27,15.30,0.00,2.64,0.17,0.00,0.00,0.00,0.00,-2.64,0.03,,73.23,0.00
1980-05-28,15.80,0.00,2.73,0.23,0.00,0.00,0.00,0.00,-2.73,0.03,,78.00,0.00
1980-05-29,17.20,0.00,2.98,0.12,0.00,0.00,0.00,0.00,-2.98,0.03,,82.54,0.00
1980-05-30,16.40,0.00,2.85,0.12,0.00,0.00,0.00,0.00,-2.85,0.03,,86.88,0.00
1980-05-31,18.30,0.00,3.21,0.17,0.00,0.00,0.00,0.00,-3.21,0.02,,91.03,0.00
1980-06-01,20.30,0.00,3.65,0.17,0.00,0.00,0.00,0.00,-3.65,0.02,,95.01,0.00
1980-06-02,21.70,10.20,3.99,0.68,10.20,0.00,0.00,0.00,6.21,4.27,,88.92,0.06
1980-06-03,21.90,5.10,4.05,0.54,5.10,0.00,0.00,0.00,1.05,0.29,,85.93,0.00
1980-06-04,21.90,0.00,4.06,0.23,0.00,0.00,0.00,0.00,-4.06,0.03,,87.76,0.00
1980-06-05,15.80,0.00,2.79,0.12,0.00,0.00,0.00,0.00,-2.79,0.02,,91.87,0.00
1980-06-06,16.10,0.00,2.85,0.09,0.00,0.00,0.00,0.00,-2.85,0.02,,95.82,0.00
1980-06-07,17.80,0.00,3.17,0.24,0.00,0.00,0.00,0.00,-3.17,0.02,,99.60,0.00
1980-06-08,21.70,2.50,4.04,0.27,2.50,0.00,0.00,0.00,-1.54,0.02,,103.25,0.00
1980-06-09,15.00,10.20,2.67,0.74,10.20,0.00,0.00,0.00,7.53,2.74,,94.23,0.04
1980-06-10,13.10,0.00,2.38,0.57,0.00,0.00,0.00,0.00,-2.38,0.03,,89.82,0.00
1980-06-11,10.80,0.00,2.07,0.20,0.00,0.00,0.00,0.00,-2.07,0.02,,93.84,0.00
1980-06-12,12.50,2.50,2.30,0.12,2.50,0.00,0.00,0.00,0.20,3.58,,97.42,0.05
1980-06-13,15.00,2.50,2.69,0.09,2.50,0.00,0.00,0.00,-0.19,0.02,,100.88,0.00
1980-06-14,16.90,0.00,3.03,0.08,0.00,0.00,0.00,0.00,-3.03,0.02,,104.48,0.00
1980-06-15,19.20,0.00,3.50,0.08,0.00,0.00,0.00,0.00,-3.50,0.02,,107.94,0.00
1980-06-16,21.40,0.00,4.01,0.19,0.00,0.00,0.00,0.00,-4.01,0.02,,111.29,0.00
1980-06-17,16.90,0.00,3.04,0.07,0.00,0.00,0.00,0.00,-3.04,0.02,,114.52,0.00
1980-06-18,17.50,0.00,3.15,0.03,0.00,0.00,0.00,0.00,-3.15,0.02,,117.64,0.00
1980-06-19,16.70,0.00,3.00,0.22,0.00,0.00,0.00,0.00,-3.00,0.02,,120.67,0.00
1980-06-20,18.30,0.00,3.31,0.24,0.00,0.00,0.00,0.00,-3.31,0.02,,123.61,0.00
1980-06-21,17.80,0.00,3.21,0.09,0.00,0.00,0.00,0.00,-3.21,0.02,,126.46,0.00
1980-06-22,19.40,0.00,3.55,0.02,0.00,0.00,0.00,0.00,-3.55,0.02,,129.22,0.00
1980-06-23,20.60,0.00,3.82,0.01,0.00,0.00,0.00,0.00,-3.82,0.02,,131.91,0.00
1980-06-24,22.50,0.00,4.30,0.01,0.00,0.00,0.00,0.00,-4.30,0.02,,134.53,0.00
1980-06-25,23.90,0.00,4.69,0.00,0.00,0.00,0.00,0.00,-4.69,0.02,,137.07,0.00
1980-06-26,24.20,0.00,4.77,0.00,0.00,0.00,0.00,0.00,-4.77,0.02,,139.55,0.00
1980-06-27,23.30,2.50,4.51,0.14,2.50,0.00,0.00,0.00,-2.01,0.01,,141.97,0.00
1980-06-28,25.30,0.00,5.10,0.11,0.00,0.00,0.00,0.00,-5.10,0.01,,144.33,0.00
1980-06-29,22.80,25.40,4.37,0.55,25.40,0.00,0.00,0.00,21.03,2.67,,130.51,0.04
1980-06-30,23.60,15.20,4.58,2.68,15.20,0.00,0.00,0.00,10.62,2.38,,105.50,0.03
1980-07-01,19.70,0.00,3.59,0.54,0.00,0.00,0.00,0.00,-3.59,0.02,,96.42,0.00
1980-07-02,21.70,0.00,4.06,0.21,0.00,0.00,0.00,0.00,-4.06,0.02,,100.18,0.00
1980-07-03,23.30,0.00,4.48,0.17,0.00,0.00,0.00,0.00,-4.48,0.02,,103.80,0.00
1980-07-04,21.70,0.00,4.05,0.13,0.00,0.00,0.00,0.00,-4.05,0.02,,107.29,0.00
1980-07-05,23.30,10.20,4.47,0.61,10.20,0.00,0.00,0.00,5.73,3.99,,102.68,0.05
1980-07-06,23.10,0.00,4.40,0.87,0.00,0.00,0.00,0.00,-4.40,0.02,,97.62,0.00
1980-07-07,17.20,0.00,3.05,0.19,0.00,0.00,0.00,0.00,-3.05,0.02,,101.33,0.00
1980-07-08,19.20,0.00,3.44,0.17,0.00,0.00,0.00,0.00,-3.44,0.02,,104.91,0.00
1980-07-09,22.50,0.00,4.21,0.13,0.00,0.00,0.00,0.00,-4.21,0.02,,108.36,0.00
1980-07-10,24.40,0.00,4.73,0.11,0.00,0.00,0.00,0.00,-4.73,0.02,,111.69,0.00
1980-07-11,25.00,0.00,4.90,0.10,0.00,0.00,0.00,0.00,-4.90,0.02,,114.91,0.00
1980-07-12,24.40,0.00,4.71,0.18,0.00,0.00,0.00,0.00,-4.71,0.02,,118.03,0.00
1980-07-13,20.00,0.00,3.57,0.09,0.00,0.00,0.00,0.00,-3.57,0.02,,121.04,0.00
1980-07-14,21.70,0.00,3.96,0.06,0.00,0.00,0.00,0.00,-3.96,0.02,,123.97,0.00
1980-07-15,23.30,0.00,4.36,0.12,0.00,0.00,0.00,0.00,-4.36,0.02,,126.80,0.00
1980-07-16,25.60,0.00,5.01,0.11,0.00,0.00,0.00,0.00,-5.01,0.02,,129.56,0.00
1980-07-17,28.60,2.50,6.02,0.12,2.50,0.00,0.00,0.00,-3.52,0.02,,132.24,0.00
1980-07-18,25.60,0.00,4.98,0.07,0.00,0.00,0.00,0.00,-4.98,0.02,,134.85,0.00
1980-07-19,25.80,0.00,5.02,0.06,0.00,0.00,0.00,0.00,-5.02,0.02,,137.38,0.00
1980-07-20,26.90,0.00,5.36,0.04,0.00,0.00,0.00,0.00,-5.36,0.02,,139.86,0.00
1980-07-21,31.10,0.00,6.93,0.06,0.00,0.00,0.00,0.00,-6.93,0.01,,142.27,0.00
1980-07-22,30.00,10.20,6.45,0.39,10.20,0.00,0.00,0.00,3.75,3.16,,138.64,0.04
1980-07-23,28.10,15.20,5.71,3.23,15.20,0.00,0.00,0.00,9.49,0.72,,131.84,0.01
1980-07-24,22.80,0.00,4.09,0.40,0.00,0.00,0.00,0.00,-4.09,0.02,,120.13,0.00
1980-07-25,21.90,0.00,3.86,0.24,0.00,0.00,0.00,0.00,-3.86,0.02,,123.05,0.00
1980-07-26,23.90,0.00,4.35,0.14,0.00,0.00,0.00,0.00,-4.35,0.02,,125.92,0.00
1980-07-27,25.80,0.00,4.87,0.10,0.00,0.00,0.00,0.00,-4.87,0.02,,128.70,0.00
1980-07-28,26.70,0.00,5.13,0.08,0.00,0.00,0.00,0.00,-5.13,0.02,,131.40,0.00
1980-07-29,25.80,20.30,4.83,1.57,20.30,0.00,0.00,0.00,15.47,4.04,,114.09,0.05
1980-07-30,21.90,0.00,3.77,0.34,0.00,0.00,0.00,0.00,-3.77,0.02,,99.45,0.00
1980-07-31,23.60,0.00,4.17,0.17,0.00,0.00,0.00,0.00,-4.17,0.02,,103.09,0.00
1980-08-01,24.70,0.00,4.45,0.15,0.00,0.00,0.00,0.00,-4.45,0.02,,106.60,0.00
1980-08-02,25.60,7.60,4.68,0.13,7.60,0.00,0.00,0.00,2.92,4.38,,104.78,0.06
1980-08-03,26.40,0.00,4.89,0.37,0.00,0.00,0.00,0.00,-4.89,0.02,,104.85,0.00
1980-08-04,27.20,2.50,5.12,0.13,2.50,0.00,0.00,0.00,-2.62,0.02,,108.30,0.00
1980-08-05,27.20,0.00,5.09,0.66,0.00,0.00,0.00,0.00,-5.09,0.02,,111.64,0.00
1980-08-06,28.10,0.00,5.35,0.49,0.00,0.00,0.00,0.00,-5.35,0.02,,114.86,0.00
1980-08-07,25.60,0.00,4.56,0.17,0.00,0.00,0.00,0.00,-4.56,0.02,,117.97,0.00
1980-08-08,26.70,0.00,4.86,0.13,0.00,0.00,0.00,0.00,-4.86,0.02,,120.99,0.00
1980-08-09,28.60,0.00,5.43,0.11,0.00,0.00,0.00,0.00,-5.43,0.02,,123.92,0.00
1980-08-10,25.80,0.00,4.54,0.09,0.00,0.00,0.00,0.00,-4.54,0.02,,126.75,0.00
1980-08-11,24.70,5.10,4.22,0.08,5.10,0.00,0.00,0.00,0.88,4.45,,127.93,0.06
1980-08-12,26.70,0.00,4.75,0.17,0.00,0.00,0.00,0.00,-4.75,0.02,,129.64,0.00
1980-08-13,23.30,0.00,3.83,0.11,0.00,0.00,0.00,0.00,-3.83,0.02,,132.31,0.00
1980-08-14,22.50,0.00,3.62,0.08,0.00,0.00,0.00,0.00,-3.62,0.02,,134.92,0.00
1980-08-15,23.30,2.50,3.78,0.41,2.50,0.00,0.00,0.00,-1.28,0.02,,137.45,0.00
1980-08-16,21.10,0.00,3.28,0.17,0.00,0.00,0.00,0.00,-3.28,0.01,,139.92,0.00
1980-08-17,18.10,0.00,2.71,0.08,0.00,0.00,0.00,0.00,-2.71,0.01,,142.33,0.00
1980-08-18,20.60,0.00,3.14,0.06,0.00,0.00,0.00,0.00,-3.14,0.01,,144.68,0.00
1980-08-19,22.20,0.00,3.45,0.07,0.00,0.00,0.00,0.00,-3.45,0.01,,146.97,0.00
1980-08-20,23.60,0.00,3.74,0.15,0.00,0.00,0.00,0.00,-3.74,0.01,,149.21,0.00
1980-08-21,21.90,0.00,3.34,0.04,0.00,0.00,0.00,0.00,-3.34,0.01,,151.40,0.00
1980-08-22,22.20,0.00,3.38,0.04,0.00,0.00,0.00,0.00,-3.38,0.01,,153.54,0.00
1980-08-23,21.70,0.00,3.26,0.06,0.00,0.00,0.00,0.00,-3.26,0.01,,155.64,0.00
1980-08-24,23.10,0.00,3.53,0.08,0.00,0.00,0.00,0.00,-3.53,0.01,,157.68,0.00
1980-08-25,23.90,2.50,3.69,0.05,2.50,0.00,0.00,0.00,-1.19,0.01,,159.69,0.00
1980-08-26,25.30,0.00,4.00,0.04,0.00,0.00,0.00,0.00,-4.00,0.01,,161.65,0.00
1980-08-27,25.60,0.00,4.04,0.02,0.00,0.00,0.00,0.00,-4.04,0.01,,163.58,0.00
1980-08-28,26.10,0.00,4.14,0.02,0.00,0.00,0.00,0.00,-4.14,0.01,,165.47,0.00
1980-08-29,26.40,0.00,4.19,0.02,0.00,0.00,0.00,0.00,-4.19,0.01,,167.32,0.00
1980-08-30,23.90,0.00,3.57,0.02,0.00,0.00,0.00,0.00,-3.57,0.01,,169.13,0.00
1980-08-31,26.70,0.00,4.21,0.02,0.00,0.00,0.00,0.00,-4.21,0.01,,170.91,0.00
1980-09-01,27.20,0.00,4.32,0.02,0.00,0.00,0.00,0.00,-4.32,0.01,,172.66,0.00
1980-09-02,28.60,0.00,4.68,0.02,0.00,0.00,0.00,0.00,-4.68,0.01,,174.38,0.00
1980-09-03,27.20,0.00,4.26,0.01,0.00,0.00,0.00,0.00,-4.26,0.01,,176.07,0.00
1980-09-04,22.80,0.00,3.22,0.01,0.00,0.00,0.00,0.00,-3.22,0.01,,177.73,0.00
1980-09-05,24.20,0.00,3.49,0.01,0.00,0.00,0.00,0.00,-3.49,0.01,,179.36,0.00
1980-09-06,22.50,0.00,3.12,0.02,0.00,0.00,0.00,0.00,-3.12,0.01,,180.96,0.00
1980-09-07,24.20,0.00,3.44,0.01,0.00,0.00,0.00,0.00,-3.44,0.01,,182.54,0.00
1980-09-08,19.40,0.00,2.53,0.01,0.00,0.00,0.00,0.00,-2.53,0.01,,184.09,0.00
1980-09-09,19.40,0.00,2.52,0.01,0.00,0.00,0.00,0.00,-2.52,0.01,,185.62,0.00
1980-09-10,20.60,0.00,2.69,0.01,0.00,0.00,0.00,0.00,-2.69,0.01,,187.12,0.00
1980-09-11,16.90,0.00,2.12,0.01,0.00,0.00,0.00,0.00,-2.12,0.01,,188.60,0.00
1980-09-12,18.10,0.00,2.27,0.01,0.00,0.00,0.00,0.00,-2.27,0.01,,190.06,0.00
1980-09-13,20.00,0.00,2.54,0.01,0.00,0.00,0.00,0.00,-2.54,0.01,,191.49,0.00
1980-09-14,21.70,2.50,2.80,0.01,2.50,0.00,0.00,0.00,-0.30,0.01,,192.91,0.00
1980-09-15,22.50,0.00,2.92,0.02,0.00,0.00,0.00,0.00,-2.92,0.01,,194.30,0.00
1980-09-16,17.50,0.00,2.12,0.02,0.00,0.00,0.00,0.00,-2.12,0.01,,195.68,0.00
1980-09-17,17.20,25.40,2.07,0.53,25.40,0.00,0.00,0.00,23.33,3.87,,166.15,0.05
1980-09-18,21.90,22.90,2.75,1.89,22.90,0.00,0.00,0.00,20.15,5.60,,128.06,0.07
1980-09-19,15.80,0.00,1.87,0.13,0.00,0.00,0.00,0.00,-1.87,0.02,,113.23,0.00
1980-09-20,16.90,0.00,1.99,0.09,0.00,0.00,0.00,0.00,-1.99,0.02,,116.39,0.00
1980-09-21,18.90,0.00,2.23,0.09,0.00,0.00,0.00,0.00,-2.23,0.02,,119.46,0.00
1980-09-22,25.00,0.00,3.23,0.09,0.00,0.00,0.00,0.00,-3.23,0.02,,122.43,0.00
1980-09-23,26.40,0.00,3.50,0.06,0.00,0.00,0.00,0.00,-3.50,0.02,,125.31,0.00
1980-09-24,20.30,0.00,2.38,0.06,0.00,0.00,0.00,0.00,-2.38,0.02,,128.11,0.00
1980-09-25,16.40,7.60,1.85,0.09,7.60,0.00,0.00,0.00,5.75,3.39,,120.11,0.05
1980-09-26,13.90,7.60,1.57,0.13,7.60,0.00,0.00,0.00,6.03,4.27,,107.94,0.06
1980-09-27,14.20,0.00,1.59,0.04,0.00,0.00,0.00,0.00,-1.59,0.02,,102.39,0.00
1980-09-28,10.30,0.00,1.24,0.04,0.00,0.00,0.00,0.00,-1.24,0.02,,105.93,0.00
1980-09-29,13.30,0.00,1.48,0.04,0.00,0.00,0.00,0.00,-1.48,0.02,,109.34,0.00
1980-09-30,14.40,0.00,1.57,0.05,0.00,0.00,0.00,0.00,-1.57,0.02,,112.64,0.00
1980-10-01,18.10,0.00,1.96,0.06,0.00,0.00,0.00,0.00,-1.96,0.02,,115.83,0.00
1980-10-02,19.40,20.30,2.11,0.42,20.30,0.00,0.00,0.00,18.19,2.84,,96.47,0.04
1980-10-03,18.10,10.20,1.93,0.44,10.20,0.00,0.00,0.00,8.27,0.75,,75.07,0.01
1980-10-04,13.30,0.00,1.42,1.50,0.00,0.00,0.00,0.00,-1.42,0.03,,74.60,0.00
1980-10-05,11.90,0.00,1.29,0.28,0.00,0.00,0.00,0.00,-1.29,0.03,,79.30,0.00
1980-10-06,11.70,0.00,1.27,0.17,0.00,0.00,0.00,0.00,-1.27,0.03,,83.78,0.00
1980-10-07,11.40,0.00,1.24,0.12,0.00,0.00,0.00,0.00,-1.24,0.03,,88.06,0.00
1980-10-08,10.60,0.00,1.17,0.10,0.00,0.00,0.00,0.00,-1.17,0.02,,92.16,0.00
1980-10-09,13.10,0.00,1.35,0.10,0.00,0.00,0.00,0.00,-1.35,0.02,,96.09,0.00
1980-10-10,11.90,0.00,1.24,0.07,0.00,0.00,0.00,0.00,-1.24,0.02,,99.87,0.00
1980-10-11,10.30,0.00,1.12,0.11,0.00,0.00,0.00,0.00,-1.12,0.02,,103.50,0.00
1980-10-12,10.60,0.00,1.13,0.21,0.00,0.00,0.00,0.00,-1.13,0.02,,107.00,0.00
1980-10-13,10.00,0.00,1.08,0.19,0.00,0.00,0.00,0.00,-1.08,0.02,,110.38,0.00
1980-10-14,8.30,0.00,0.96,0.16,0.00,0.00,0.00,0.00,-0.96,0.02,,113.64,0.00
1980-10-15,9.20,0.00,1.01,0.15,0.00,0.00,0.00,0.00,-1.01,0.02,,116.80,0.00
1980-10-16,10.80,0.00,1.11,0.15,0.00,0.00,0.00,0.00,-1.11,0.02,,119.85,0.00
1980-10-17,15.00,0.00,1.43,0.15,0.00,0.00,0.00,0.00,-1.43,0.02,,122.81,0.00
1980-10-18,17.50,10.20,1.65,0.77,10.20,0.00,0.00,0.00,8.55,6.66,,117.23,0.09
1980-10-19,19.20,0.00,1.82,0.46,0.00,0.00,0.00,0.00,-1.82,0.02,,111.89,0.00
1980-10-20,12.20,0.00,1.17,0.22,0.00,0.00,0.00,0.00,-1.17,0.02,,115.09,0.00
1980-10-21,9.70,0.00,0.99,0.17,0.00,0.00,0.00,0.00,-0.99,0.02,,118.20,0.00
1980-10-22,10.30,0.00,1.02,0.17,0.00,0.00,0.00,0.00,-1.02,0.02,,121.21,0.00
1980-10-23,6.90,0.00,0.82,0.13,0.00,0.00,0.00,0.00,-0.82,0.02,,124.13,0.00
1980-10-24,5.00,0.00,0.72,0.07,0.00,0.00,0.00,0.00,-0.72,0.02,,126.97,0.00
1980-10-25,6.70,55.90,0.80,14.17,55.90,0.00,0.00,0.00,55.10,2.30,,83.23,0.03
1980-10-26,11.70,0.00,1.08,1.97,0.00,0.00,0.00,0.00,-1.08,0.04,,43.60,0.00
1980-10-27,6.10,0.00,0.76,0.54,0.00,0.00,0.00,0.00,-0.76,0.04,,50.04,0.00
1980-10-28,7.20,2.50,0.81,0.49,2.50,0.00,0.00,0.00,1.69,3.55,,53.58,0.05
1980-10-29,6.70,0.00,0.78,0.28,0.00,0.00,0.00,0.00,-0.78,0.04,,57.51,0.00
1980-10-30,4.40,0.00,0.67,0.20,0.00,0.00,0.00,0.00,-0.67,0.03,,63.10,0.00
1980-10-31,3.30,0.00,0.62,0.17,0.00,0.00,0.00,0.00,-0.62,0.03,,68.39,0.00
1980-11-01,5.60,0.00,0.71,0.17,0.00,0.00,0.00,0.00,-0.71,0.03,,73.40,0.00
1980-11-02,5.80,0.00,0.71,0.12,0.00,0.00,0.00,0.00,-0.71,0.03,,78.16,0.00
1980-11-03,1.90,0.00,0.55,0.08,0.00,0.00,0.00,0.00,-0.55,0.03,,82.69,0.00
1980-11-04,3.60,7.60,0.61,0.52,7.60,0.00,0.00,0.00,6.99,6.70,,79.86,0.09
1980-11-05,7.20,0.00,0.76,0.31,0.00,0.00,0.00,0.00,-0.76,0.03,,79.00,0.00
1980-11-06,3.60,0.00,0.60,0.13,0.00,0.00,0.00,0.00,-0.60,0.03,,83.49,0.00
1980-11-07,2.20,0.00,0.55,0.12,0.00,0.00,0.00,0.00,-0.55,0.03,,87.79,0.00
1980-11-08,12.20,0.00,1.01,0.16,0.00,0.00,0.00,0.00,-1.01,0.02,,91.90,0.00
1980-11-09,7.50,7.60,0.75,0.79,7.60,0.00,0.00,0.00,6.85,0.17,,90.15,0.00
1980-11-10,5.80,2.50,0.67,0.46,2.50,0.00,0.00,0.00,1.83,5.61,,83.74,0.07
1980-11-11,5.00,0.00,0.63,0.23,0.00,0.00,0.00,0.00,-0.63,0.03,,85.48,0.00
1980-11-12,2.50,0.00,0.54,0.11,0.00,0.00,0.00,0.00,-0.54,0.03,,89.69,0.00
1980-11-13,4.40,0.00,0.60,0.06,0.00,0.00,0.00,0.00,-0.60,0.02,,93.72,0.00
1980-11-14,8.30,0.00,0.76,0.06,0.00,0.00,0.00,0.00,-0.76,0.02,,97.59,0.00
1980-11-15,11.40,0.00,0.92,0.06,0.00,0.00,0.00,0.00,-0.92,0.02,,101.31,0.00
1980-11-16,5.00,0.00,0.61,0.08,0.00,0.00,0.00,0.00,-0.61,0.02,,104.89,0.00
1980-11-17,-0.60,0.00,0.43,0.06,0.00,0.00,0.00,0.00,-0.43,0.02,,108.34,0.00
1980-11-18,-1.70,22.90,0.40,3.46,0.05,0.00,228.49,22.85,-0.35,0.02,,111.67,0.00
1980-11-19,1.40,0.00,0.48,0.87,0.43,3.84,224.14,22.41,-0.05,0.02,,114.89,0.00
1980-11-20,-1.10,0.00,0.41,0.46,0.05,3.84,223.64,22.36,-0.36,0.02,,118.00,0.00
1980-11-21,0.30,0.00,0.45,0.35,0.13,0.82,222.30,22.23,-0.32,0.02,,121.02,0.00
1980-11-22,1.10,2.50,0.47,0.27,3.05,5.03,216.77,21.68,2.58,6.77,,120.56,0.09
1980-11-23,1.90,0.00,0.49,0.23,0.57,5.21,211.05,21.11,0.08,5.07,,119.12,0.07
1980-11-24,2.80,35.60,0.51,8.66,36.85,12.00,198.54,19.85,36.34,2.01,,97.94,0.03
1980-11-25,8.30,0.00,0.71,3.78,2.33,22.77,175.27,17.53,1.62,2.36,,63.47,0.03
1980-11-26,4.40,0.00,0.56,1.26,1.26,12.07,162.69,16.27,0.70,2.68,,65.62,0.04
1980-11-27,2.20,0.00,0.48,0.87,0.65,6.04,156.15,15.61,0.17,6.27,,69.90,0.08
1980-11-28,1.70,10.20,0.47,2.99,10.97,7.24,148.40,14.84,10.50,3.84,,59.55,0.05
1980-11-29,3.90,0.00,0.53,1.65,1.12,10.70,137.19,13.72,0.59,3.88,,52.39,0.05
1980-11-30,2.50,0.00,0.49,0.94,0.74,6.86,129.82,12.98,0.25,1.51,,57.19,0.02
1980-12-01,3.10,0.00,0.50,0.72,0.90,8.50,120.81,12.08,0.40,5.37,,61.90,0.07
1980-12-02,5.00,0.00,0.56,0.65,1.42,13.72,106.59,10.66,0.86,3.27,,65.33,0.04
1980-12-03,8.10,0.00,0.68,0.68,2.27,22.22,83.86,8.39,1.59,2.35,,67.72,0.03
1980-12-04,-1.90,0.00,0.36,0.31,0.05,22.22,83.35,8.34,-0.31,0.03,,70.38,0.00
1980-12-05,-2.50,0.00,0.35,0.31,0.05,22.22,82.85,8.28,-0.30,0.03,,75.29,0.00
1980-12-06,-0.80,0.00,0.39,0.32,0.05,22.22,82.34,8.23,-0.34,0.03,,79.96,0.00
1980-12-07,2.50,0.00,0.47,0.31,0.74,6.86,74.97,7.50,0.27,4.48,,84.02,0.06
1980-12-08,4.40,0.00,0.53,0.32,1.26,12.07,62.39,6.24,0.73,5.06,,87.14,0.07
1980-12-09,10.60,0.00,0.78,0.32,2.96,29.08,32.81,3.28,2.18,2.63,,87.31,0.03
1980-12-10,4.70,0.00,0.54,0.37,1.34,12.89,19.41,1.94,0.80,4.16,,87.13,0.06
1980-12-11,1.40,0.00,0.44,0.28,0.43,3.84,15.06,1.51,-0.01,0.03,,90.47,0.00
1980-12-12,-4.40,0.00,0.31,0.26,0.05,3.84,14.55,1.45,-0.26,0.02,,94.46,0.00
1980-12-13,-0.30,0.00,0.39,0.26,0.05,3.84,14.04,1.40,-0.34,0.02,,98.30,0.00
1980-12-14,0.60,0.00,0.41,0.23,0.22,1.65,11.89,1.19,-0.19,0.02,,102.00,0.00
1980-12-15,-3.60,0.00,0.32,0.15,0.05,1.65,11.38,1.14,-0.27,0.02,,105.55,0.00
1980-12-16,-4.40,2.50,0.30,0.32,0.05,1.65,35.87,3.59,-0.25,0.02,,108.98,0.00
1980-12-17,-3.30,2.50,0.33,0.26,0.05,1.65,60.36,6.04,-0.28,0.02,,112.29,0.00
1980-12-18,-6.40,0.00,0.27,0.20,0.05,1.65,59.86,5.99,-0.22,0.02,,115.49,0.00
1980-12-19,-2.20,0.00,0.35,0.20,0.05,1.65,59.35,5.93,-0.30,0.02,,118.58,0.00
1980-12-20,-5.60,0.00,0.28,0.11,0.05,1.65,58.84,5.88,-0.23,0.02,,121.58,0.00
1980-12-21,-10.60,0.00,0.21,0.09,0.05,1.65,58.33,5.83,-0.16,0.02,,124.49,0.00
1980-12-22,-10.30,0.00,0.21,0.09,0.05,1.65,57.82,5.78,-0.16,0.02,,127.31,0.00
1980-12-23,-8.90,0.00,0.23,0.11,0.05,1.65,57.32,5.73,-0.18,0.02,,130.05,0.00
1980-12-24,-5.00,0.00,0.29,0.13,0.05,1.65,56.81,5.68,-0.24,0.02,,132.72,0.00
1980-12-25,-9.40,0.00,0.22,0.24,0.05,1.65,56.30,5.63,-0.17,0.02,,135.31,0.00
1980-12-26,-17.80,0.00,0.13,0.02,0.05,1.65,55.79,5.58,-0.08,0.02,,137.84,0.00
1980-12-27,-13.10,0.00,0.18,0.02,0.05,1.65,55.28,5.53,-0.13,0.01,,140.30,0.00
1980-12-28,-9.20,2.50,0.23,0.02,0.05,1.65,79.78,7.98,-0.18,0.01,,142.70,0.00
1980-12-29,0.30,0.00,0.41,0.03,0.13,0.82,78.44,7.84,-0.28,0.01,,145.04,0.00
1980-12-30,5.80,0.00,0.57,0.03,1.64,15.91,62.03,6.20,1.07,1.76,,145.42,0.02
1980-12-31,-3.90,0.00,0.32,0.03,0.05,15.91,61.52,6.15,-0.27,0.01,,146.22,0.00
1981-01-01,-7.80,0.00,0.25,0.02,0.05,15.91,61.01,6.10,-0.20,0.01,,148.48,0.00
1981-01-02,-4.40,0.00,0.31,0.02,0.05,15.91,60.50,6.05,-0.26,0.01,,150.68,0.00
1981-01-03,-5.80,0.00,0.28,0.02,0.05,15.91,59.99,6.00,-0.23,0.01,,152.84,0.00
1981-01-04,-13.30,0.00,0.18,0.02,0.05,15.91,59.49,5.95,-0.13,0.01,,154.94,0.00
1981-01-05,-15.60,0.00,0.15,0.02,0.05,15.91,58.98,5.90,-0.10,0.01,,157.01,0.00
1981-01-06,-7.80,0.00,0.25,0.02,0.05,15.91,58.47,5.85,-0.20,0.01,,159.03,0.00
1981-01-07,-5.30,2.50,0.29,0.03,0.05,15.91,82.96,8.30,-0.24,0.01,,161.01,0.00
1981-01-08,-6.40,0.00,0.28,0.03,0.05,15.91,82.45,8.25,-0.23,0.01,,162.94,0.00
1981-01-09,-15.00,0.00,0.16,0.03,0.05,15.91,81.95,8.19,-0.11,0.01,,164.84,0.00
1981-01-10,-13.90,0.00,0.17,0.03,0.05,15.91,81.44,8.14,-0.12,0.01,,166.71,0.00
1981-01-11,-11.70,0.00,0.20,0.02,0.05,15.91,80.93,8.09,-0.15,0.01,,168.53,0.00
1981-01-12,-16.10,0.00,0.15,0.02,0.05,15.91,80.42,8.04,-0.10,0.01,,170.33,0.00
1981-01-13,-18.30,0.00,0.14,0.02,0.05,15.91,79.91,7.99,-0.09,0.01,,172.09,0.00
1981-01-14,-15.60,0.00,0.16,0.02,0.05,15.91,79.41,7.94,-0.11,0.01,,173.81,0.00
1981-01-15,-5.00,0.00,0.31,0.02,0.05,15.91,78.90,7.89,-0.26,0.01,,175.51,0.00
1981-01-16,-2.50,0.00,0.37,0.02,0.05,15.91,78.39,7.84,-0.32,0.01,,177.18,0.00
1981-01-17,-5.00,0.00,0.32,0.02,0.05,15.91,77.88,7.79,-0.27,0.01,,178.82,0.00
1981-01-18,-10.30,0.00,0.23,0.02,0.05,15.91,77.37,7.74,-0.18,0.01,,180.43,0.00
1981-01-19,-6.40,0.00,0.29,0.02,0.05,15.91,76.87,7.69,-0.24,0.01,,182.02,0.00
1981-01-20,1.70,0.00,0.48,0.02,0.52,4.66,71.69,7.17,0.04,6.25,,183.52,0.08
1981-01-21,-0.30,0.00,0.43,0.02,0.05,4.66,71.19,7.12,-0.38,0.01,,185.00,0.00
1981-01-22,-5.60,0.00,0.31,0.02,0.05,4.66,70.68,7.07,-0.26,0.01,,186.51,0.00
1981-01-23,-3.60,0.00,0.35,0.02,0.05,4.66,70.17,7.02,-0.30,0.01,,188.00,0.00
1981-01-24,1.70,0.00,0.50,0.02,0.52,4.66,65.00,6.50,0.02,5.66,,189.43,0.08
1981-01-25,-0.30,0.00,0.44,0.02,0.05,4.66,64.49,6.45,-0.39,0.01,,190.85,0.00
1981-01-26,1.90,0.00,0.51,0.02,0.57,5.21,58.77,5.88,0.06,6.25,,192.18,0.08
1981-01-27,2.80,0.00,0.54,0.02,0.82,7.68,50.58,5.06,0.28,5.35,,193.08,0.07
1981-01-28,2.20,0.00,0.53,0.02,0.65,6.04,44.04,4.40,0.12,5.95,,193.73,0.08
1981-01-29,1.10,0.00,0.49,0.02,0.35,3.02,40.51,4.05,-0.14,0.01,,194.92,0.00
1981-01-30,-4.40,0.00,0.35,0.02,0.05,3.02,40.01,4.00,-0.30,0.01,,196.28,0.00
1981-01-31,-7.50,0.00,0.29,0.02,0.05,3.02,39.50,3.95,-0.24,0.01,,197.63,0.00
1981-02-01,-4.70,2.50,0.35,0.03,0.05,3.02,63.99,6.40,-0.30,0.01,,198.96,0.00
1981-02-02,-0.80,35.60,0.45,11.02,0.05,3.02,419.48,41.95,-0.40,0.01,,200.27,0.00
1981-02-03,1.40,0.00,0.52,5.35,0.43,3.84,415.13,41.51,-0.09,0.01,,201.56,0.00
1981-02-04,-9.20,0.00,0.27,2.83,0.05,3.84,414.63,41.46,-0.22,0.01,,202.83,0.00
1981-02-05,-7.80,0.00,0.30,1.89,0.05,3.84,414.12,41.41,-0.25,0.01,,204.09,0.00
1981-02-06,-10.30,0.00,0.26,1.50,0.05,3.84,413.61,41.36,-0.21,0.01,,205.33,0.00
1981-02-07,-4.20,0.00,0.38,0.87,0.05,3.84,413.10,41.31,-0.33,0.01,,206.56,0.00
1981-02-08,-0.80,5.10,0.47,2.99,0.05,3.84,463.59,46.36,-0.42,0.01,,207.77,0.00
1981-02-09,-0.30,0.00,0.49,11.02,0.05,3.84,463.09,46.31,-0.44,0.01,,208.96,0.00
1981-02-10,-5.60,0.00,0.36,5.59,0.05,3.84,462.58,46.26,-0.31,0.01,,210.14,0.00
1981-02-11,3.30,22.90,0.62,13.38,24.29,13.39,448.68,44.87,23.67,2.95,,179.71,0.04
1981-02-12,4.20,0.00,0.66,11.81,1.20,11.52,436.65,43.67,0.54,5.35,,150.79,0.07
1981-02-13,-8.10,0.00,0.31,7.24,0.05,11.52,436.14,43.61,-0.26,0.01,,152.01,0.00
1981-02-14,-6.10,0.00,0.36,3.86,0.05,11.52,435.64,43.56,-0.31,0.01,,154.14,0.00
1981-02-15,-2.80,0.00,0.44,2.13,0.05,11.52,435.13,43.51,-0.39,0.01,,156.22,0.00
1981-02-16,0.30,0.00,0.54,1.18,0.13,0.82,433.80,43.38,-0.41,0.01,,158.26,0.00
1981-02-17,3.90,0.00,0.68,0.59,1.12,10.70,422.59,42.26,0.44,3.86,,159.64,0.05
1981-02-18,8.90,0.00,0.93,0.32,2.49,24.41,397.67,39.77,1.56,6.20,,158.40,0.08
1981-02-19,11.70,5.10,1.11,0.23,9.31,41.61,355.55,35.56,8.20,5.12,,145.05,0.07
1981-02-20,11.90,22.90,1.14,14.17,27.45,44.96,310.08,31.01,26.31,4.43,,113.02,0.06
1981-02-21,10.00,2.50,1.02,10.23,6.09,35.42,274.16,27.42,5.07,4.92,,79.93,0.07
1981-02-22,11.40,2.50,1.12,9.45,6.57,40.20,233.45,23.34,5.45,3.16,,68.34,0.04
1981-02-23,7.80,20.30,0.90,11.02,23.32,29.65,203.29,20.33,22.42,5.25,,41.04,0.07
1981-02-24,6.10,2.50,0.82,14.17,4.76,22.10,180.68,18.07,3.94,4.22,,23.51,0.06
1981-02-25,8.10,0.00,0.94,7.87,2.27,22.22,157.95,15.80,1.33,0.35,,26.39,0.00
1981-02-26,5.00,0.00,0.78,5.98,1.42,13.72,143.73,14.37,0.64,5.70,,30.78,0.08
1981-02-27,4.40,0.00,0.76,3.46,1.26,12.07,131.15,13.11,0.50,1.83,,37.18,0.02
1981-02-28,3.60,0.00,0.72,2.28,1.04,9.88,120.77,12.08,0.32,0.93,,42.77,0.01
1981-03-01,1.90,0.00,0.66,2.60,0.57,5.21,115.05,11.50,-0.09,0.04,,48.86,0.00
1981-03-02,3.30,0.00,0.72,1.73,0.96,9.05,105.48,10.55,0.24,0.93,,54.61,0.01
1981-03-03,2.20,0.00,0.68,1.10,0.65,6.04,98.94,9.89,-0.03,0.03,,60.09,0.00
1981-03-04,-3.60,0.00,0.48,0.68,0.05,6.04,98.43,9.84,-0.43,0.03,,65.54,0.00
1981-03-05,-1.40,2.50,0.55,0.79,0.05,6.04,122.93,12.29,-0.50,0.03,,70.70,0.00
1981-03-06,-1.70,0.00,0.55,0.94,0.05,6.04,122.42,12.24,-0.50,0.03,,75.59,0.00
1981-03-07,0.30,0.00,0.62,1.18,0.13,0.82,121.09,12.11,-0.49,0.03,,80.24,0.00
1981-03-08,1.70,0.00,0.69,2.60,0.52,4.66,115.92,11.59,-0.17,0.03,,84.68,0.00
1981-03-09,5.00,0.00,0.85,2.91,1.42,13.72,101.69,10.17,0.57,2.68,,88.06,0.04
1981-03-10,4.20,0.00,0.81,1.73,1.20,11.52,89.66,8.97,0.39,3.88,,90.91,0.05
1981-03-11,2.80,2.50,0.75,0.94,3.63,10.83,78.32,7.83,2.88,1.77,,91.79,0.02
1981-03-12,-0.80,0.00,0.61,0.87,0.05,10.83,77.81,7.78,-0.56,0.03,,90.66,0.00
1981-03-13,2.20,0.00,0.74,0.71,0.65,6.04,71.27,7.13,-0.09,0.02,,94.64,0.00
1981-03-14,5.60,0.00,0.92,0.54,1.59,15.36,55.40,5.54,0.67,1.78,,93.41,0.02
1981-03-15,-1.90,0.00,0.58,0.41,0.05,15.36,54.89,5.49,-0.53,0.06,,5.22,0.00
1981-03-16,4.20,2.50,0.85,0.56,4.11,15.61,38.77,3.88,3.26,2.15,,9.78,0.03
1981-03-17,1.70,0.00,0.74,0.40,0.52,4.66,33.60,3.36,-0.22,0.05,,16.81,0.00
1981-03-18,-3.30,0.00,0.55,0.30,0.05,4.66,33.09,3.31,-0.50,0.05,,25.23,0.00
1981-03-19,-3.10,0.00,0.56,0.30,0.05,4.66,32.59,3.26,-0.51,0.05,,32.98,0.00
1981-03-20,-3.60,0.00,0.54,0.28,0.05,4.66,32.08,3.21,-0.49,0.04,,40.14,0.00
1981-03-21,-3.10,0.00,0.56,0.26,0.05,4.66,31.57,3.16,-0.51,0.04,,46.81,0.00
1981-03-22,1.90,0.00,0.78,0.23,0.57,5.21,25.85,2.58,-0.21,0.04,,53.04,0.00
1981-03-23,4.70,0.00,0.93,0.24,1.34,12.89,12.45,1.24,0.41,0.91,,58.35,0.01
1981-03-24,2.80,0.00,0.83,0.22,0.82,7.68,4.26,0.43,-0.01,0.03,,63.35,0.00
1981-03-25,5.30,0.00,0.98,0.20,0.43,4.26,0.00,0.00,-0.55,0.03,,68.62,0.00
1981-03-26,2.50,0.00,0.83,0.18,0.00,0.00,0.00,0.00,-0.83,0.03,,73.62,0.00
1981-03-27,5.00,0.00,0.98,0.23,0.00,0.00,0.00,0.00,-0.98,0.03,,78.37,0.00
1981-03-28,6.70,0.00,1.09,0.14,0.00,0.00,0.00,0.00,-1.09,0.03,,82.89,0.00
1981-03-29,8.90,0.00,1.26,0.16,0.00,0.00,0.00,0.00,-1.26,0.03,,87.21,0.00
1981-03-30,13.90,10.20,1.74,0.76,10.20,0.00,0.00,0.00,8.46,1.31,,78.59,0.02
1981-03-31,13.90,10.20,1.75,0.76,10.20,0.00,0.00,0.00,8.45,12.22,,0.22,0.16
1981-04-01,14.70,15.20,1.85,1.73,15.20,0.00,0.00,0.00,13.35,22.91,,0.01,0.31
1981-04-02,14.20,0.00,1.81,1.97,0.00,0.00,0.00,0.00,-1.81,0.67,,4.25,0.01
1981-04-03,9.20,0.00,1.33,0.79,0.00,0.00,0.00,0.00,-1.33,0.06,,13.77,0.00
1981-04-04,14.70,0.00,1.89,0.58,0.00,0.00,0.00,0.00,-1.89,0.05,,22.45,0.00
1981-04-05,18.60,12.70,2.43,1.34,12.70,0.00,0.00,0.00,10.27,7.19,,23.45,0.10
1981-04-06,12.80,0.00,1.71,1.97,0.00,0.00,0.00,0.00,-1.71,0.05,,25.64,0.00
1981-04-07,4.40,0.00,1.02,1.02,0.00,0.00,0.00,0.00,-1.02,0.05,,33.35,0.00
1981-04-08,8.60,0.00,1.33,0.61,0.00,0.00,0.00,0.00,-1.33,0.04,,40.49,0.00
1981-04-09,13.90,0.00,1.86,0.54,0.00,0.00,0.00,0.00,-1.86,0.04,,47.13,0.00
1981-04-10,12.20,0.00,1.69,0.46,0.00,0.00,0.00,0.00,-1.69,0.04,,53.35,0.00
1981-04-11,12.50,2.50,1.73,0.40,2.50,0.00,0.00,0.00,0.77,6.55,,58.03,0.09
1981-04-12,15.60,7.60,2.12,0.61,7.60,0.00,0.00,0.00,5.48,1.63,,58.20,0.02
1981-04-13,8.10,2.50,1.34,0.54,2.50,0.00,0.00,0.00,1.16,0.31,,53.90,0.00
1981-04-14,8.30,20.30,1.36,6.06,20.30,0.00,0.00,0.00,18.94,25.65,,2.22,0.34
1981-04-15,6.90,0.00,1.26,3.86,0.00,0.00,0.00,0.00,-1.26,0.06,,5.05,0.00
1981-04-16,3.10,0.00,1.00,1.89,0.00,0.00,0.00,0.00,-1.00,0.06,,14.52,0.00
1981-04-17,9.40,0.00,1.49,0.87,0.00,0.00,0.00,0.00,-1.49,0.05,,23.14,0.00
1981-04-18,12.80,0.00,1.85,0.72,0.00,0.00,0.00,0.00,-1.85,0.05,,31.05,0.00
1981-04-19,15.30,0.00,2.18,0.53,0.00,0.00,0.00,0.00,-2.18,0.04,,38.36,0.00
1981-04-20,12.50,0.00,1.84,0.46,0.00,0.00,0.00,0.00,-1.84,0.04,,45.14,0.00
1981-04-21,6.10,0.00,1.25,0.32,0.00,0.00,0.00,0.00,-1.25,0.04,,51.48,0.00
1981-04-22,3.30,0.00,1.05,0.29,0.00,0.00,0.00,0.00,-1.05,0.04,,57.43,0.00
1981-04-23,8.90,7.60,1.50,0.68,7.60,0.00,0.00,0.00,6.10,1.92,,57.91,0.03
1981-04-24,10.00,2.50,1.62,1.42,2.50,0.00,0.00,0.00,0.88,3.57,,52.50,0.05
1981-04-25,12.50,0.00,1.90,1.18,0.00,0.00,0.00,0.00,-1.90,0.04,,57.45,0.00
1981-04-26,6.70,0.00,1.33,1.26,0.00,0.00,0.00,0.00,-1.33,0.03,,63.05,0.00
1981-04-27,10.60,0.00,1.71,1.26,0.00,0.00,0.00,0.00,-1.71,0.03,,68.34,0.00
1981-04-28,12.50,0.00,1.93,1.50,0.00,0.00,0.00,0.00,-1.93,0.03,,73.35,0.00
1981-04-29,15.60,0.00,2.36,1.73,0.00,0.00,0.00,0.00,-2.36,0.03,,78.11,0.00
1981-04-30,15.30,0.00,2.33,1.10,0.00,0.00,0.00,0.00,-2.33,0.03,,82.65,0.00
1981-05-01,12.20,5.10,1.93,1.02,5.10,0.00,0.00,0.00,3.17,2.00,,80.89,0.03
1981-05-02,13.90,12.70,2.16,5.27,12.70,0.00,0.00,0.00,10.54,1.52,,71.06,0.02
1981-05-03,10.60,0.00,1.77,3.23,0.00,0.00,0.00,0.00,-1.77,0.03,,64.48,0.00
1981-05-04,13.60,0.00,2.14,1.97,0.00,0.00,0.00,0.00,-2.14,0.03,,69.70,0.00
1981-05-05,17.80,0.00,2.79,1.57,0.00,0.00,0.00,0.00,-2.79,0.03,,74.64,0.00
1981-05-06,15.80,0.00,2.48,1.42,0.00,0.00,0.00,0.00,-2.48,0.03,,79.34,0.00
1981-05-07,12.50,0.00,2.03,0.94,0.00,0.00,0.00,0.00,-2.03,0.03,,83.82,0.00
1981-05-08,11.40,0.00,1.91,0.76,0.00,0.00,0.00,0.00,-1.91,0.03,,88.10,0.00
1981-05-09,11.10,0.00,1.88,0.54,0.00,0.00,0.00,0.00,-1.88,0.02,,92.20,0.00
1981-05-10,12.20,0.00,2.03,0.39,0.00,0.00,0.00,0.00,-2.03,0.02,,96.13,0.00
1981-05-11,16.40,63.50,2.64,18.11,63.50,0.00,0.00,0.00,60.86,26.14,,55.58,0.35
1981-05-12,16.40,0.00,2.66,10.23,0.00,0.00,0.00,0.00,-2.66,0.06,,5.05,0.00
1981-05-13,13.10,0.00,2.17,2.28,0.00,0.00,0.00,0.00,-2.17,0.06,,14.52,0.00
1981-05-14,14.20,0.00,2.34,1.34,0.00,0.00,0.00,0.00,-2.34,0.05,,23.14,0.00
1981-05-15,17.50,25.40,2.88,4.80,25.40,0.00,0.00,0.00,22.52,16.19,,7.96,0.22
1981-05-16,19.40,0.00,3.26,6.22,0.00,0.00,0.00,0.00,-3.26,0.67,,4.25,0.01
1981-05-17,13.60,0.00,2.28,1.73,0.00,0.00,0.00,0.00,-2.28,0.06,,13.77,0.00
1981-05-18,13.60,0.00,2.29,1.18,0.00,0.00,0.00,0.00,-2.29,0.05,,22.45,0.00
1981-05-19,13.30,0.00,2.26,0.87,0.00,0.00,0.00,0.00,-2.26,0.05,,30.42,0.00
1981-05-20,11.70,0.00,2.06,0.73,0.00,0.00,0.00,0.00,-2.06,0.04,,37.77,0.00
1981-05-21,14.20,0.00,2.41,0.61,0.00,0.00,0.00,0.00,-2.41,0.04,,44.60,0.00
1981-05-22,15.00,0.00,2.54,0.50,0.00,0.00,0.00,0.00,-2.54,0.04,,50.97,0.00
1981-05-23,17.20,0.00,2.92,0.41,0.00,0.00,0.00,0.00,-2.92,0.04,,56.95,0.00
1981-05-24,16.90,0.00,2.88,0.31,0.00,0.00,0.00,0.00,-2.88,0.03,,62.57,0.00
1981-05-25,20.30,0.00,3.57,0.27,0.00,0.00,0.00,0.00,-3.57,0.03,,67.88,0.00
1981-05-26,22.20,0.00,4.03,0.20,0.00,0.00,0.00,0.00,-4.03,0.03,,72.92,0.00
1981-05-27,23.10,0.00,4.28,0.21,0.00,0.00,0.00,0.00,-4.28,0.03,,77.70,0.00
1981-05-28,23.60,0.00,4.42,0.18,0.00,0.00,0.00,0.00,-4.42,0.03,,82.26,0.00
1981-05-29,21.70,0.00,3.95,0.25,0.00,0.00,0.00,0.00,-3.95,0.03,,86.61,0.00
1981-05-30,19.70,0.00,3.50,0.16,0.00,0.00,0.00,0.00,-3.50,0.03,,90.77,0.00
1981-05-31,23.30,0.00,4.38,0.16,0.00,0.00,0.00,0.00,-4.38,0.02,,94.75,0.00
1981-06-01,17.80,0.00,3.12,0.02,0.00,0.00,0.00,0.00,-3.12,0.02,,98.58,0.00
1981-06-02,18.10,22.90,3.19,2.76,22.90,0.00,0.00,0.00,19.71,0.45,,83.82,0.01
1981-06-03,15.30,5.10,2.69,0.64,5.10,0.00,0.00,0.00,2.41,1.14,,59.68,0.02
1981-06-04,17.20,0.00,3.03,0.79,0.00,0.00,0.00,0.00,-3.03,0.03,,62.16,0.00
1981-06-05,21.40,0.00,3.94,0.30,0.00,0.00,0.00,0.00,-3.94,0.03,,67.49,0.00
1981-06-06,22.50,0.00,4.23,0.24,0.00,0.00,0.00,0.00,-4.23,0.03,,72.55,0.00
1981-06-07,21.10,0.00,3.89,0.18,0.00,0.00,0.00,0.00,-3.89,0.03,,77.35,0.00
1981-06-08,17.20,0.00,3.06,0.05,0.00,0.00,0.00,0.00,-3.06,0.03,,81.92,0.00
1981-06-09,20.00,2.50,3.65,0.59,2.50,0.00,0.00,0.00,-1.15,0.03,,86.29,0.00
1981-06-10,21.90,0.00,4.11,0.31,0.00,0.00,0.00,0.00,-4.11,0.03,,90.46,0.00
1981-06-11,17.50,0.00,3.13,0.20,0.00,0.00,0.00,0.00,-3.13,0.02,,94.46,0.00
1981-06-12,20.60,0.00,3.80,0.03,0.00,0.00,0.00,0.00,-3.80,0.02,,98.30,0.00
1981-06-13,22.20,0.00,4.20,0.01,0.00,0.00,0.00,0.00,-4.20,0.02,,101.99,0.00
1981-06-14,22.20,17.80,4.21,2.13,17.80,0.00,0.00,0.00,13.59,0.57,,86.53,0.01
1981-06-15,17.20,2.50,3.09,0.79,2.50,0.00,0.00,0.00,-0.59,0.03,,78.61,0.00
1981-06-16,22.80,0.00,4.37,0.28,0.00,0.00,0.00,0.00,-4.37,0.03,,83.12,0.00
1981-06-17,27.80,0.00,5.97,0.18,0.00,0.00,0.00,0.00,-5.97,0.03,,87.43,0.00
1981-06-18,20.00,0.00,3.68,0.12,0.00,0.00,0.00,0.00,-3.68,0.02,,91.56,0.00
1981-06-19,21.40,0.00,4.02,0.10,0.00,0.00,0.00,0.00,-4.02,0.02,,95.51,0.00
1981-06-20,21.90,7.60,4.14,0.70,7.60,0.00,0.00,0.00,3.46,3.47,,94.61,0.05
1981-06-21,21.10,0.00,3.94,0.27,0.00,0.00,0.00,0.00,-3.94,0.02,,93.88,0.00
1981-06-22,23.30,2.50,4.52,0.61,2.50,0.00,0.00,0.00,-2.02,0.02,,97.74,0.00
1981-06-23,24.70,0.00,4.93,0.20,0.00,0.00,0.00,0.00,-4.93,0.02,,101.46,0.00
1981-06-24,19.40,0.00,3.55,0.13,0.00,0.00,0.00,0.00,-3.55,0.02,,105.03,0.00
1981-06-25,20.80,20.30,3.87,2.76,20.30,0.00,0.00,0.00,16.43,6.21,,95.34,0.08
1981-06-26,22.80,0.00,4.38,1.34,0.00,0.00,0.00,0.00,-4.38,0.03,,83.88,0.00
1981-06-27,16.40,0.00,2.94,0.29,0.00,0.00,0.00,0.00,-2.94,0.03,,88.15,0.00
1981-06-28,19.40,0.00,3.54,0.17,0.00,0.00,0.00,0.00,-3.54,0.02,,92.25,0.00
1981-06-29,20.80,0.00,3.86,0.13,0.00,0.00,0.00,0.00,-3.86,0.02,,96.17,0.00
1981-06-30,22.50,0.00,4.28,0.12,0.00,0.00,0.00,0.00,-4.28,0.02,,99.95,0.00
1981-07-01,22.80,7.60,4.36,0.43,7.60,0.00,0.00,0.00,3.24,5.86,,98.90,0.08
1981-07-02,23.90,0.00,4.66,0.24,0.00,0.00,0.00,0.00,-4.66,0.02,,98.01,0.00
1981-07-03,23.90,0.00,4.65,0.13,0.00,0.00,0.00,0.00,-4.65,0.02,,101.71,0.00
1981-07-04,25.00,43.20,4.97,7.16,43.20,0.00,0.00,0.00,38.23,1.34,,58.22,0.02
1981-07-05,21.10,2.50,3.90,3.23,2.50,0.00,0.00,0.00,-1.40,0.04,,41.48,0.00
1981-07-06,22.20,0.00,4.16,0.87,0.00,0.00,0.00,0.00,-4.16,0.04,,48.06,0.00
1981-07-07,24.20,0.00,4.70,0.54,0.00,0.00,0.00,0.00,-4.70,0.04,,54.21,0.00
1981-07-08,26.10,0.00,5.28,0.39,0.00,0.00,0.00,0.00,-5.28,0.03,,59.99,0.00
1981-07-09,26.90,0.00,5.54,0.28,0.00,0.00,0.00,0.00,-5.54,0.03,,65.45,0.00
1981-07-10,28.60,0.00,6.14,0.25,0.00,0.00,0.00,0.00,-6.14,0.03,,70.61,0.00
1981-07-11,23.90,0.00,4.58,0.28,0.00,0.00,0.00,0.00,-4.58,0.03,,75.50,0.00
1981-07-12,25.60,0.00,5.07,0.13,0.00,0.00,0.00,0.00,-5.07,0.03,,80.16,0.00
1981-07-13,26.70,15.20,5.41,1.81,15.20,0.00,0.00,0.00,9.79,6.34,,75.44,0.08
1981-07-14,26.10,0.00,5.20,0.70,0.00,0.00,0.00,0.00,-5.20,0.03,,71.96,0.00
1981-07-15,21.10,0.00,3.80,0.13,0.00,0.00,0.00,0.00,-3.80,0.03,,76.79,0.00
1981-07-16,20.60,0.00,3.68,0.13,0.00,0.00,0.00,0.00,-3.68,0.03,,81.39,0.00
1981-07-17,21.70,0.00,3.92,0.10,0.00,0.00,0.00,0.00,-3.92,0.03,,85.78,0.00
1981-07-18,23.60,0.00,4.40,0.09,0.00,0.00,0.00,0.00,-4.40,0.03,,89.97,0.00
1981-07-19,25.30,0.00,4.87,0.07,0.00,0.00,0.00,0.00,-4.87,0.02,,93.99,0.00
1981-07-20,25.80,25.40,5.01,2.13,25.40,0.00,0.00,0.00,20.39,1.70,,80.18,0.02
1981-07-21,24.40,7.60,4.57,4.33,7.60,0.00,0.00,0.00,3.03,2.01,,63.32,0.03
1981-07-22,24.40,0.00,4.56,0.54,0.00,0.00,0.00,0.00,-4.56,0.03,,65.50,0.00
1981-07-23,20.80,0.00,3.63,0.20,0.00,0.00,0.00,0.00,-3.63,0.03,,70.66,0.00
1981-07-24,20.00,0.00,3.44,0.13,0.00,0.00,0.00,0.00,-3.44,0.03,,75.55,0.00
1981-07-25,20.60,0.00,3.56,0.10,0.00,0.00,0.00,0.00,-3.56,0.03,,80.21,0.00
1981-07-26,21.90,0.00,3.84,0.09,0.00,0.00,0.00,0.00,-3.84,0.03,,84.65,0.00
1981-07-27,25.30,22.90,4.72,5.75,22.90,0.00,0.00,0.00,18.18,6.36,,78.66,0.08
1981-07-28,22.20,0.00,3.88,0.51,0.00,0.00,0.00,0.00,-3.88,0.03,,77.48,0.00
1981-07-29,20.80,5.10,3.54,0.79,5.10,0.00,0.00,0.00,1.56,6.22,,80.11,0.08
1981-07-30,19.40,0.00,3.23,0.17,0.00,0.00,0.00,0.00,-3.23,0.03,,82.32,0.00
1981-07-31,20.30,0.00,3.40,0.13,0.00,0.00,0.00,0.00,-3.40,0.03,,86.67,0.00
1981-08-01,21.10,0.00,3.56,0.10,0.00,0.00,0.00,0.00,-3.56,0.03,,90.82,0.00
1981-08-02,21.90,0.00,3.72,0.08,0.00,0.00,0.00,0.00,-3.72,0.02,,94.81,0.00
1981-08-03,22.80,0.00,3.91,0.06,0.00,0.00,0.00,0.00,-3.91,0.02,,98.64,0.00
1981-08-04,22.20,0.00,3.75,0.06,0.00,0.00,0.00,0.00,-3.75,0.02,,102.31,0.00
1981-08-05,24.70,10.20,4.36,2.44,10.20,0.00,0.00,0.00,5.84,4.58,,97.58,0.06
1981-08-06,23.30,0.00,3.98,0.19,0.00,0.00,0.00,0.00,-3.98,0.02,,93.25,0.00
1981-08-07,21.90,0.00,3.63,0.10,0.00,0.00,0.00,0.00,-3.63,0.02,,97.13,0.00
1981-08-08,23.10,15.20,3.88,3.07,15.20,0.00,0.00,0.00,11.32,2.92,,87.59,0.04
1981-08-09,20.00,0.00,3.19,0.79,0.00,0.00,0.00,0.00,-3.19,0.03,,75.48,0.00
1981-08-10,23.60,0.00,3.96,0.18,0.00,0.00,0.00,0.00,-3.96,0.03,,80.13,0.00
1981-08-11,24.40,0.00,4.14,0.12,0.00,0.00,0.00,0.00,-4.14,0.03,,84.58,0.00
1981-08-12,25.00,0.00,4.28,0.37,0.00,0.00,0.00,0.00,-4.28,0.03,,88.82,0.00
1981-08-13,20.60,0.00,3.24,0.17,0.00,0.00,0.00,0.00,-3.24,0.02,,92.89,0.00
1981-08-14,22.20,0.00,3.55,0.11,0.00,0.00,0.00,0.00,-3.55,0.02,,96.79,0.00
1981-08-15,23.90,0.00,3.92,0.10,0.00,0.00,0.00,0.00,-3.92,0.02,,100.54,0.00
1981-08-16,24.70,0.00,4.10,0.12,0.00,0.00,0.00,0.00,-4.10,0.02,,104.15,0.00
1981-08-17,20.30,0.00,3.10,0.08,0.00,0.00,0.00,0.00,-3.10,0.02,,107.63,0.00
1981-08-18,16.90,0.00,2.50,0.03,0.00,0.00,0.00,0.00,-2.50,0.02,,110.98,0.00
1981-08-19,18.90,0.00,2.81,0.00,0.00,0.00,0.00,0.00,-2.81,0.02,,114.22,0.00
1981-08-20,20.30,0.00,3.04,0.00,0.00,0.00,0.00,0.00,-3.04,0.02,,117.36,0.00
1981-08-21,18.30,0.00,2.67,0.00,0.00,0.00,0.00,0.00,-2.67,0.02,,120.40,0.00
1981-08-22,20.30,0.00,3.01,0.00,0.00,0.00,0.00,0.00,-3.01,0.02,,123.34,0.00
1981-08-23,18.10,0.00,2.61,0.00,0.00,0.00,0.00,0.00,-2.61,0.02,,126.20,0.00
1981-08-24,20.00,0.00,2.91,0.00,0.00,0.00,0.00,0.00,-2.91,0.02,,128.97,0.00
1981-08-25,19.70,0.00,2.84,0.00,0.00,0.00,0.00,0.00,-2.84,0.02,,131.67,0.00
1981-08-26,20.00,0.00,2.88,0.00,0.00,0.00,0.00,0.00,-2.88,0.02,,134.29,0.00
1981-08-27,20.00,0.00,2.86,0.00,0.00,0.00,0.00,0.00,-2.86,0.02,,136.84,0.00
1981-08-28,22.50,0.00,3.31,0.00,0.00,0.00,0.00,0.00,-3.31,0.02,,139.33,0.00
1981-08-29,22.50,0.00,3.29,0.00,0.00,0.00,0.00,0.00,-3.29,0.01,,141.75,0.00
1981-08-30,23.90,2.50,3.57,0.02,2.50,0.00,0.00,0.00,-1.07,0.01,,144.11,0.00
1981-08-31,23.10,0.00,3.37,0.13,0.00,0.00,0.00,0.00,-3.37,0.01,,146.42,0.00
1981-09-01,21.90,0.00,3.11,0.09,0.00,0.00,0.00,0.00,-3.11,0.01,,148.67,0.00
1981-09-02,22.80,0.00,3.26,0.09,0.00,0.00,0.00,0.00,-3.26,0.01,,150.87,0.00
1981-09-03,20.30,0.00,2.78,0.07,0.00,0.00,0.00,0.00,-2.78,0.01,,153.02,0.00
1981-09-04,19.70,0.00,2.66,0.06,0.00,0.00,0.00,0.00,-2.66,0.01,,155.13,0.00
1981-09-05,18.60,0.00,2.46,0.06,0.00,0.00,0.00,0.00,-2.46,0.01,,157.19,0.00
1981-09-06,20.60,0.00,2.77,0.03,0.00,0.00,0.00,0.00,-2.77,0.01,,159.20,0.00
1981-09-07,20.80,0.00,2.78,0.03,0.00,0.00,0.00,0.00,-2.78,0.01,,161.18,0.00
1981-09-08,20.60,20.30,2.73,4.33,20.30,0.00,0.00,0.00,17.57,1.92,,140.87,0.03
1981-09-09,19.20,0.00,2.48,1.89,0.00,0.00,0.00,0.00,-2.48,0.02,,122.03,0.00
1981-09-10,15.00,0.00,1.90,0.15,0.00,0.00,0.00,0.00,-1.90,0.02,,124.91,0.00
1981-09-11,15.80,0.00,1.98,0.12,0.00,0.00,0.00,0.00,-1.98,0.02,,127.72,0.00
1981-09-12,20.60,0.00,2.65,0.12,0.00,0.00,0.00,0.00,-2.65,0.02,,130.45,0.00
1981-09-13,20.80,0.00,2.67,0.09,0.00,0.00,0.00,0.00,-2.67,0.02,,133.11,0.00
1981-09-14,20.30,0.00,2.56,0.08,0.00,0.00,0.00,0.00,-2.56,0.02,,135.69,0.00
1981-09-15,23.60,12.70,3.12,0.51,12.70,0.00,0.00,0.00,9.58,1.55,,128.10,0.02
1981-09-16,17.20,17.80,2.08,9.45,17.80,0.00,0.00,0.00,15.72,6.68,,108.85,0.09
1981-09-17,15.30,0.00,1.84,1.10,0.00,0.00,0.00,0.00,-1.84,0.02,,106.49,0.00
1981-09-18,16.70,0.00,1.99,3.54,0.00,0.00,0.00,0.00,-1.99,0.02,,109.88,0.00
1981-09-19,16.10,0.00,1.90,0.79,0.00,0.00,0.00,0.00,-1.90,0.02,,113.16,0.00
1981-09-20,14.20,0.00,1.68,0.37,0.00,0.00,0.00,0.00,-1.68,0.02,,116.33,0.00
1981-09-21,14.20,0.00,1.67,0.25,0.00,0.00,0.00,0.00,-1.67,0.02,,119.40,0.00
1981-09-22,14.20,0.00,1.65,0.28,0.00,0.00,0.00,0.00,-1.65,0.02,,122.37,0.00
1981-09-23,16.70,0.00,1.92,0.33,0.00,0.00,0.00,0.00,-1.92,0.02,,125.26,0.00
1981-09-24,12.50,0.00,1.47,0.13,0.00,0.00,0.00,0.00,-1.47,0.02,,128.06,0.00
1981-09-25,11.90,0.00,1.40,0.09,0.00,0.00,0.00,0.00,-1.40,0.02,,130.78,0.00
1981-09-26,14.40,0.00,1.62,0.09,0.00,0.00,0.00,0.00,-1.62,0.02,,133.43,0.00
1981-09-27,15.80,0.00,1.76,0.09,0.00,0.00,0.00,0.00,-1.76,0.02,,136.00,0.00
1981-09-28,18.90,0.00,2.11,0.09,0.00,0.00,0.00,0.00,-2.11,0.02,,138.51,0.00
1981-09-29,10.60,0.00,1.25,0.09,0.00,0.00,0.00,0.00,-1.25,0.01,,140.95,0.00
1981-09-30,10.00,0.00,1.20,0.06,0.00,0.00,0.00,0.00,-1.20,0.01,,143.33,0.00
1981-10-01,10.00,10.20,1.19,0.02,10.20,0.00,0.00,0.00,9.01,3.31,,137.56,0.04
1981-10-02,12.20,5.10,1.35,3.15,5.10,0.00,0.00,0.00,3.75,3.16,,117.22,0.04
1981-10-03,10.60,0.00,1.21,0.32,0.00,0.00,0.00,0.00,-1.21,0.02,,116.69,0.00
1981-10-04,7.80,0.00,1.01,0.13,0.00,0.00,0.00,0.00,-1.01,0.02,,119.74,0.00
1981-10-05,9.40,0.00,1.11,0.14,0.00,0.00,0.00,0.00,-1.11,0.02,,122.71,0.00
1981-10-06,15.30,10.20,1.59,0.42,10.20,0.00,0.00,0.00,8.61,4.19,,111.97,0.06
1981-10-07,14.40,0.00,1.49,1.10,0.00,0.00,0.00,0.00,-1.49,0.02,,104.00,0.00
1981-10-08,11.70,0.00,1.25,0.18,0.00,0.00,0.00,0.00,-1.25,0.02,,107.47,0.00
1981-10-09,8.30,0.00,1.00,0.10,0.00,0.00,0.00,0.00,-1.00,0.02,,110.84,0.00
1981-10-10,8.30,0.00,0.99,0.05,0.00,0.00,0.00,0.00,-0.99,0.02,,114.08,0.00
1981-10-11,7.50,0.00,0.94,0.03,0.00,0.00,0.00,0.00,-0.94,0.02,,117.22,0.00
1981-10-12,8.10,0.00,0.97,0.01,0.00,0.00,0.00,0.00,-0.97,0.02,,120.26,0.00
1981-10-13,5.00,0.00,0.79,0.00,0.00,0.00,0.00,0.00,-0.79,0.02,,123.21,0.00
1981-10-14,6.90,0.00,0.88,0.00,0.00,0.00,0.00,0.00,-0.88,0.02,,126.07,0.00
1981-10-15,8.90,0.00,0.99,0.00,0.00,0.00,0.00,0.00,-0.99,0.02,,128.85,0.00
1981-10-16,8.30,0.00,0.95,0.00,0.00,0.00,0.00,0.00,-0.95,0.02,,131.55,0.00
1981-10-17,11.70,0.00,1.16,0.00,0.00,0.00,0.00,0.00,-1.16,0.02,,134.17,0.00
1981-10-18,8.90,20.30,0.97,2.60,20.30,0.00,0.00,0.00,19.33,2.52,,118.53,0.03
1981-10-19,9.40,0.00,0.99,1.57,0.00,0.00,0.00,0.00,-0.99,0.02,,97.47,0.00
1981-10-20,3.90,0.00,0.70,0.28,0.00,0.00,0.00,0.00,-0.70,0.02,,101.19,0.00
1981-10-21,5.60,0.00,0.77,0.17,0.00,0.00,0.00,0.00,-0.77,0.02,,104.77,0.00
1981-10-22,10.30,0.00,1.02,0.14,0.00,0.00,0.00,0.00,-1.02,0.02,,108.23,0.00
1981-10-23,12.50,15.20,1.16,1.50,15.20,0.00,0.00,0.00,14.04,2.97,,95.56,0.04
1981-10-24,7.80,0.00,0.86,1.34,0.00,0.00,0.00,0.00,-0.86,0.03,,87.78,0.00
1981-10-25,4.20,0.00,0.69,0.39,0.00,0.00,0.00,0.00,-0.69,0.02,,91.89,0.00
1981-10-26,6.90,10.20,0.80,2.36,10.20,0.00,0.00,0.00,9.40,2.09,,82.89,0.03
1981-10-27,12.80,33.00,1.15,11.02,33.00,0.00,0.00,0.00,31.85,1.46,,49.95,0.02
1981-10-28,15.30,0.00,1.33,5.51,0.00,0.00,0.00,0.00,-1.33,0.05,,27.47,0.00
1981-10-29,10.80,0.00,1.00,1.18,0.00,0.00,0.00,0.00,-1.00,0.04,,35.03,0.00
1981-10-30,6.90,0.00,0.78,0.68,0.00,0.00,0.00,0.00,-0.78,0.04,,42.05,0.00
1981-10-31,7.50,0.00,0.80,0.50,0.00,0.00,0.00,0.00,-0.80,0.04,,48.59,0.00
1981-11-01,8.30,0.00,0.84,0.41,0.00,0.00,0.00,0.00,-0.84,0.04,,54.71,0.00
1981-11-02,9.20,0.00,0.88,0.35,0.00,0.00,0.00,0.00,-0.88,0.03,,60.47,0.00
1981-11-03,12.20,0.00,1.05,0.28,0.00,0.00,0.00,0.00,-1.05,0.03,,65.89,0.00
1981-11-04,9.20,0.00,0.86,0.26,0.00,0.00,0.00,0.00,-0.86,0.03,,71.03,0.00
1981-11-05,10.80,0.00,0.95,0.24,0.00,0.00,0.00,0.00,-0.95,0.03,,75.91,0.00
1981-11-06,10.30,12.70,0.91,2.60,12.70,0.00,0.00,0.00,11.79,5.33,,66.79,0.07
1981-11-07,8.60,0.00,0.82,0.61,0.00,0.00,0.00,0.00,-0.82,0.03,,58.89,0.00
1981-11-08,6.40,0.00,0.71,0.43,0.00,0.00,0.00,0.00,-0.71,0.03,,64.41,0.00
1981-11-09,6.90,0.00,0.72,0.39,0.00,0.00,0.00,0.00,-0.72,0.03,,69.62,0.00
1981-11-10,7.80,0.00,0.76,0.35,0.00,0.00,0.00,0.00,-0.76,0.03,,74.57,0.00
1981-11-11,3.30,0.00,0.57,0.30,0.00,0.00,0.00,0.00,-0.57,0.03,,79.27,0.00
1981-11-12,5.60,0.00,0.65,0.28,0.00,0.00,0.00,0.00,-0.65,0.03,,83.75,0.00
1981-11-13,2.50,0.00,0.54,0.24,0.00,0.00,0.00,0.00,-0.54,0.03,,88.04,0.00
1981-11-14,3.90,0.00,0.58,0.24,0.00,0.00,0.00,0.00,-0.58,0.02,,92.14,0.00
1981-11-15,10.00,10.20,0.84,0.87,10.20,0.00,0.00,0.00,9.36,4.77,,84.11,0.06
1981-11-16,9.70,0.00,0.82,1.34,0.00,0.00,0.00,0.00,-0.82,0.03,,76.11,0.00
1981-11-17,5.80,0.00,0.64,0.57,0.00,0.00,0.00,0.00,-0.64,0.03,,80.73,0.00
1981-11-18,6.10,2.50,0.65,0.51,2.50,0.00,0.00,0.00,1.85,2.04,,81.92,0.03
1981-11-19,9.40,0.00,0.79,0.39,0.00,0.00,0.00,0.00,-0.79,0.03,,84.57,0.00
1981-11-20,10.30,15.20,0.83,1.42,15.20,0.00,0.00,0.00,14.37,2.56,,75.93,0.03
1981-11-21,7.80,2.50,0.71,0.76,2.50,0.00,0.00,0.00,1.79,5.03,,55.82,0.07
1981-11-22,5.00,5.10,0.59,0.51,5.10,0.00,0.00,0.00,4.51,3.75,,52.66,0.05
1981-11-23,3.10,0.00,0.52,0.43,0.00,0.00,0.00,0.00,-0.52,0.04,,53.92,0.00
1981-11-24,-1.90,0.00,0.38,0.38,0.00,0.00,0.00,0.00,-0.38,0.03,,59.72,0.00
1981-11-25,-0.80,0.00,0.41,0.35,0.00,0.00,0.00,0.00,-0.41,0.03,,65.19,0.00
1981-11-26,-1.10,0.00,0.40,0.29,0.00,0.00,0.00,0.00,-0.40,0.03,,70.37,0.00
1981-11-27,0.30,0.00,0.43,0.31,0.00,0.00,0.00,0.00,-0.43,0.03,,75.28,0.00
1981-11-28,6.90,0.00,0.65,0.31,0.00,0.00,0.00,0.00,-0.65,0.03,,79.94,0.00
1981-11-29,2.50,0.00,0.49,0.26,0.00,0.00,0.00,0.00,-0.49,0.03,,84.40,0.00
1981-11-30,2.80,0.00,0.50,0.19,0.00,0.00,0.00,0.00,-0.50,0.03,,88.65,0.00
1981-12-01,-1.70,22.90,0.37,3.86,0.05,0.00,228.49,22.85,-0.32,0.02,,92.73,0.00
1981-12-02,2.20,20.30,0.47,13.38,21.28,9.28,218.71,21.87,20.81,3.69,,74.39,0.05
1981-12-03,6.10,0.00,0.60,1.89,1.72,16.73,201.47,20.15,1.12,3.56,,60.77,0.05
1981-12-04,3.10,0.00,0.50,1.02,0.90,8.50,192.45,19.25,0.40,4.78,,63.42,0.06
1981-12-05,3.90,0.00,0.52,0.71,1.12,10.70,181.25,18.12,0.60,3.88,,67.39,0.05
1981-12-06,2.80,0.00,0.48,0.53,0.82,7.68,173.06,17.31,0.34,0.61,,71.56,0.01
1981-12-07,0.80,0.00,0.43,0.43,0.27,2.19,170.36,17.04,-0.16,0.03,,75.63,0.00
1981-12-08,3.90,5.10,0.52,0.87,6.62,14.72,155.13,15.51,6.10,2.79,,70.80,0.04
1981-12-09,1.90,0.00,0.46,0.55,0.57,5.21,149.41,14.94,0.11,6.27,,68.74,0.08
1981-12-10,-2.50,7.60,0.34,0.36,0.05,5.21,224.91,22.49,-0.29,0.03,,73.61,0.00
1981-12-11,-1.90,0.00,0.36,0.28,0.05,5.21,224.40,22.44,-0.31,0.03,,78.36,0.00
1981-12-12,0.30,0.00,0.41,0.25,0.13,0.82,223.07,22.31,-0.28,0.03,,82.88,0.00
1981-12-13,-2.20,2.50,0.35,0.21,0.05,0.82,247.56,24.76,-0.30,0.03,,87.20,0.00
1981-12-14,-2.80,15.20,0.34,0.47,0.05,0.82,399.05,39.91,-0.29,0.02,,91.34,0.00
1981-12-15,-2.50,35.60,0.34,20.47,0.05,0.82,754.54,75.45,-0.29,0.02,,95.30,0.00
1981-12-16,1.40,2.50,0.43,14.17,3.16,6.05,747.98,74.80,2.73,6.17,,95.04,0.08
1981-12-17,-1.70,0.00,0.36,4.09,0.05,6.05,747.48,74.75,-0.31,0.02,,95.63,0.00
1981-12-18,-3.10,0.00,0.33,2.36,0.05,6.05,746.97,74.70,-0.28,0.02,,99.42,0.00
1981-12-19,-5.60,0.00,0.28,1.50,0.05,6.05,746.46,74.65,-0.23,0.02,,103.07,0.00
1981-12-20,-7.80,0.00,0.24,1.02,0.05,6.05,745.95,74.60,-0.19,0.02,,106.59,0.00
1981-12-21,-9.20,0.00,0.23,0.79,0.05,6.05,745.44,74.54,-0.18,0.02,,109.98,0.00
1981-12-22,-7.80,0.00,0.24,0.76,0.05,6.05,744.94,74.49,-0.19,0.02,,113.25,0.00
1981-12-23,1.10,5.10,0.43,5.35,5.66,5.06,739.37,73.94,5.23,0.18,,112.02,0.00
1981-12-24,3.90,0.00,0.51,3.07,1.12,10.70,728.16,72.82,0.61,2.68,,105.19,0.04
1981-12-25,1.10,0.00,0.43,1.81,0.35,3.02,724.63,72.46,-0.08,0.02,,107.78,0.00
1981-12-26,-3.10,0.00,0.33,1.18,0.05,3.02,724.13,72.41,-0.28,0.02,,111.13,0.00
1981-12-27,-1.90,2.50,0.35,1.81,0.05,3.02,748.62,74.86,-0.30,0.02,,114.37,0.00
1981-12-28,-0.30,0.00,0.39,1.81,0.05,3.02,748.11,74.81,-0.34,0.02,,117.50,0.00
1981-12-29,1.90,0.00,0.45,1.34,0.57,5.21,742.39,74.24,0.12,5.37,,120.33,0.07
1981-12-30,-1.10,0.00,0.38,0.94,0.05,5.21,741.88,74.19,-0.33,0.02,,123.12,0.00
1981-12-31,-2.80,0.00,0.34,0.74,0.05,5.21,741.37,74.14,-0.29,0.02,,125.98,0.00
