date,bin_1,bin_2,bin_3,bin_4,bin_5,bin_6,bin_7,bin_8,bin_9,bin_10,bin_11,bin_12,bin_13,bin_14,bin_15,bin_16,bin_17,bin_18,bin_19,bin_20
1980-01-22,0.00,0.00,0.00,0.00,0.00,0.00,0.00,0.00,0.00,0.00,0.00,0.00,0.12,2.00,3.88,24.28,24.28,24.28,24.28,24.28
1980-01-23,0.00,0.00,0.00,0.00,0.00,0.00,0.00,0.00,0.00,0.00,0.00,1.55,3.43,5.31,7.19,27.60,27.60,27.60,27.60,27.60
1980-01-24,0.00,0.00,0.00,0.00,0.00,0.00,0.00,0.00,0.00,0.00,0.11,1.99,3.87,5.75,7.63,28.04,28.04,28.04,28.04,28.04
1980-01-25,0.00,0.00,0.00,0.00,0.00,0.00,0.00,0.00,0.00,0.00,0.50,2.38,4.26,6.14,8.02,28.43,28.43,28.43,28.43,28.43
1980-01-26,0.00,0.00,0.00,0.00,0.00,0.00,0.00,0.00,0.00,0.00,0.86,2.74,4.62,6.50,8.38,28.78,28.78,28.78,28.78,28.78
1980-01-27,0.00,0.00,0.00,0.00,0.00,0.00,0.00,0.00,0.00,0.00,1.18,3.06,4.94,6.82,8.70,29.11,29.11,29.11,29.11,29.11
1980-01-28,0.00,0.00,0.00,0.00,0.00,0.00,0.00,0.00,0.00,0.00,1.48,3.36,5.24,7.12,9.00,29.41,29.41,29.41,29.41,29.41
1980-01-29,0.00,0.00,0.00,0.00,0.00,0.00,0.00,0.00,0.00,0.00,1.76,3.64,5.52,7.40,9.28,29.68,29.68,29.68,29.68,29.68
1980-01-30,0.00,0.00,0.00,0.00,0.00,0.00,0.00,0.00,0.00,0.14,2.02,3.90,5.78,7.66,9.54,29.94,29.94,29.94,29.94,29.94
1980-01-31,0.00,0.00,0.00,0.00,0.00,0.00,0.00,0.00,0.00,0.38,2.26,4.14,6.02,7.90,9.78,30.19,30.19,30.19,30.19,30.19
1980-02-01,0.00,0.00,0.00,0.00,0.00,0.00,0.00,0.00,0.00,0.61,2.49,4.37,6.25,8.13,10.01,30.41,30.41,30.41,30.41,30.41
1980-02-02,0.00,0.00,0.00,0.00,0.00,0.00,0.00,0.00,0.00,0.82,2.70,4.58,6.46,8.34,10.22,30.63,30.63,30.63,30.63,30.63
1980-02-03,0.00,0.00,0.00,0.00,0.00,0.00,0.00,0.00,0.00,1.03,2.91,4.79,6.67,8.55,10.43,30.83,30.83,30.83,30.83,30.83
1980-02-04,0.00,0.00,0.00,0.00,0.00,0.00,0.00,0.00,0.00,1.22,3.10,4.98,6.86,8.74,10.62,31.03,31.03,31.03,31.03,31.03
1980-02-05,0.00,0.00,0.00,0.00,0.00,0.00,0.00,0.00,0.00,1.41,3.29,5.17,7.05,8.93,10.81,31.21,31.21,31.21,31.21,31.21
1980-02-06,0.00,0.00,0.00,0.00,0.00,0.00,0.00,0.00,0.00,1.58,3.46,5.34,7.22,9.10,10.99,31.39,31.39,31.39,31.39,31.39
1980-02-07,0.00,0.00,0.00,0.00,0.00,0.00,0.00,0.00,0.00,1.75,3.63,5.51,7.39,9.27,11.15,31.56,31.56,31.56,31.56,31.56
1980-02-08,0.00,0.00,0.00,0.00,0.00,0.00,0.00,0.00,0.04,1.92,3.80,5.68,7.56,9.44,11.32,31.72,31.72,31.72,31.72,31.72
1980-02-09,0.00,0.00,0.00,0.00,0.00,0.00,0.00,0.00,0.19,2.07,3.95,5.83,7.71,9.59,11.47,31.88,31.88,31.88,31.88,31.88
1980-02-10,0.00,0.00,0.00,0.00,0.00,0.00,0.00,0.00,0.34,2.22,4.10,5.98,7.86,9.74,11.62,32.03,32.03,32.03,32.03,32.03
1980-02-11,0.00,0.00,0.00,0.00,0.00,0.00,0.00,0.00,0.49,2.37,4.25,6.13,8.01,9.89,11.77,32.17,32.17,32.17,32.17,32.17
1980-02-12,0.00,0.00,0.00,0.00,0.00,0.00,0.00,0.00,0.62,2.50,4.38,6.26,8.14,10.02,11.90,32.31,32.31,32.31,32.31,32.31
1980-02-13,0.00,0.00,0.00,0.00,0.00,0.00,0.00,0.00,0.76,2.64,4.52,6.40,8.28,10.16,12.04,32.44,32.44,32.44,32.44,32.44
1980-02-14,0.00,0.00,0.00,0.00,0.00,0.00,0.00,0.00,0.89,2.77,4.65,6.53,8.41,10.29,12.17,32.57,32.57,32.57,32.57,32.57
1980-02-15,0.00,0.00,0.00,0.00,0.00,0.00,0.00,0.00,1.01,2.89,4.77,6.65,8.53,10.41,12.29,32.70,32.70,32.70,32.70,32.70
1980-02-16,0.00,0.00,0.00,0.00,0.00,0.00,0.00,0.00,1.14,3.02,4.90,6.78,8.66,10.54,12.42,32.82,32.82,32.82,32.82,32.82
1980-02-17,0.00,0.00,0.00,0.00,0.00,0.00,0.00,0.00,0.34,2.22,4.10,5.98,7.86,9.74,11.62,32.02,32.02,32.02,32.02,32.02
1980-02-18,0.00,0.00,0.00,0.00,0.00,0.00,0.00,0.00,0.48,2.36,4.24,6.12,8.00,9.88,11.76,32.17,32.17,32.17,32.17,32.17
1980-02-19,0.00,0.00,0.00,0.00,0.00,0.00,0.00,0.00,0.62,2.50,4.38,6.26,8.14,10.02,11.90,32.31,32.31,32.31,32.31,32.31
1980-02-20,0.00,0.00,0.00,0.00,0.00,0.00,0.00,0.00,0.76,2.64,4.52,6.40,8.28,10.16,12.04,32.44,32.44,32.44,32.44,32.44
1980-02-21,0.00,0.00,0.00,0.00,0.00,0.00,0.00,0.00,0.89,2.77,4.65,6.53,8.41,10.29,12.17,32.57,32.57,32.57,32.57,32.57
1980-02-22,0.00,0.00,0.00,0.00,0.00,0.00,0.00,0.00,1.01,2.89,4.77,6.65,8.53,10.41,12.29,32.70,32.70,32.70,32.70,32.70
1980-02-23,0.00,0.00,0.00,0.00,0.00,0.00,0.00,0.00,0.07,1.95,3.83,5.71,7.59,9.47,11.35,31.76,31.76,31.76,31.76,31.76
1980-02-24,0.00,0.00,0.00,0.00,0.00,0.00,0.00,0.00,0.23,2.11,3.99,5.87,7.75,9.63,11.51,31.91,31.91,31.91,31.91,31.91
1980-02-25,0.00,0.00,0.00,0.00,0.00,0.00,0.00,0.00,0.37,2.25,4.13,6.01,7.89,9.77,11.65,32.06,32.06,32.06,32.06,32.06
1980-02-26,0.00,0.00,0.00,0.00,0.00,0.00,0.00,0.00,0.52,2.40,4.28,6.16,8.04,9.92,11.80,32.20,32.20,32.20,32.20,32.20
1980-02-27,0.00,0.00,0.00,0.00,0.00,0.00,0.00,0.00,0.65,2.53,4.41,6.30,8.18,10.06,11.94,32.34,32.34,32.34,32.34,32.34
1980-02-28,0.00,0.00,0.00,0.00,0.00,0.00,0.00,0.00,0.79,2.67,4.55,6.43,8.31,10.19,12.07,32.47,32.47,32.47,32.47,32.47
1980-02-29,0.00,0.00,0.00,0.00,0.00,0.00,0.00,0.00,0.92,2.80,4.68,6.56,8.44,10.32,12.20,32.60,32.60,32.60,32.60,32.60
1980-03-01,0.00,0.00,0.00,0.00,0.00,0.00,0.00,0.00,1.04,2.92,4.80,6.68,8.56,10.44,12.32,32.73,32.73,32.73,32.73,32.73
1980-03-02,0.00,0.00,0.00,0.00,0.00,0.00,0.00,0.00,1.16,3.04,4.92,6.80,8.68,10.56,12.44,32.85,32.85,32.85,32.85,32.85
1980-03-03,0.00,0.00,0.00,0.00,0.00,0.00,0.00,0.00,1.28,3.16,5.04,6.92,8.80,10.68,12.56,32.97,32.97,32.97,32.97,32.97
1980-03-04,0.00,0.00,0.00,0.00,0.00,0.00,0.00,0.00,1.39,3.27,5.15,7.03,8.91,10.79,12.68,33.08,33.08,33.08,33.08,33.08
1980-03-05,0.00,0.00,0.00,0.00,0.00,0.00,0.00,0.00,1.51,3.39,5.27,7.15,9.03,10.91,12.79,33.19,33.19,33.19,33.19,33.19
1980-03-06,0.00,0.00,0.00,0.00,0.00,0.00,0.00,0.00,1.38,3.26,5.14,7.02,8.90,10.78,12.66,33.07,33.07,33.07,33.07,33.07
1980-03-07,0.00,0.00,0.00,0.00,0.00,0.00,0.00,0.00,1.49,3.37,5.25,7.13,9.01,10.89,12.77,33.18,33.18,33.18,33.18,33.18
1980-03-08,0.00,0.00,0.00,0.00,0.00,0.00,0.00,0.00,1.60,3.48,5.36,7.24,9.12,11.00,12.88,33.29,33.29,33.29,33.29,33.29
1980-03-09,0.00,0.00,0.00,0.00,0.00,0.00,0.00,0.00,1.04,2.92,4.80,6.68,8.56,10.44,12.32,32.73,32.73,32.73,32.73,32.73
1980-03-10,0.00,0.00,0.00,0.00,0.00,0.00,0.00,0.00,1.16,3.04,4.92,6.80,8.68,10.56,12.44,32.85,32.85,32.85,32.85,32.85
1980-03-11,0.00,0.00,0.00,0.00,0.00,0.00,0.00,0.00,0.11,1.99,3.87,5.75,7.63,9.51,11.39,31.79,31.79,31.79,31.79,31.79
1980-03-12,0.00,0.00,0.00,0.00,0.00,0.00,0.00,0.00,0.25,2.13,4.01,5.89,7.77,9.65,11.53,31.94,31.94,31.94,31.94,31.94
1980-03-13,0.00,0.00,0.00,0.00,0.00,0.00,0.00,0.00,0.40,2.28,4.16,6.04,7.92,9.80,11.68,32.08,32.08,32.08,32.08,32.08
1980-03-14,0.00,0.00,0.00,0.00,0.00,0.00,0.00,0.00,0.54,2.42,4.30,6.18,8.06,9.94,11.82,32.23,32.23,32.23,32.23,32.23
1980-03-15,0.00,0.00,0.00,0.00,0.00,0.00,0.00,0.00,0.68,2.56,4.44,6.32,8.20,10.08,11.96,32.36,32.36,32.36,32.36,32.36
1980-03-16,0.00,0.00,0.00,0.00,0.00,0.00,0.00,0.00,0.81,2.69,4.57,6.45,8.33,10.21,12.09,32.50,32.50,32.50,32.50,32.50
1980-03-17,0.00,0.00,0.00,0.00,0.00,0.00,0.00,0.00,0.94,2.82,4.70,6.58,8.46,10.34,12.22,32.62,32.62,32.62,32.62,32.62
1980-03-18,0.00,0.00,0.00,0.00,0.00,0.00,0.00,0.00,0.26,2.14,4.02,5.90,7.78,9.66,11.54,31.95,31.95,31.95,31.95,31.95
1980-03-19,0.00,0.00,0.00,0.00,0.00,0.00,0.00,0.00,0.00,1.57,3.45,5.33,7.21,9.09,10.97,31.37,31.37,31.37,31.37,31.37
1980-03-20,0.00,0.00,0.00,0.00,0.00,0.00,0.00,0.00,0.00,1.74,3.62,5.50,7.38,9.26,11.14,31.54,31.54,31.54,31.54,31.54
1980-03-21,0.00,0.00,0.00,0.00,0.00,0.00,0.00,0.00,0.00,1.86,3.74,5.62,7.50,9.38,11.26,31.66,31.66,31.66,31.66,31.66
1980-03-22,0.00,0.00,0.00,0.00,0.00,0.00,0.00,0.00,0.00,0.00,0.40,2.28,4.16,6.04,7.92,28.32,28.32,28.32,28.32,28.32
1980-03-23,0.00,0.00,0.00,0.00,0.00,0.00,0.00,0.00,0.00,0.00,0.75,2.63,4.51,6.39,8.27,28.67,28.67,28.67,28.67,28.67
1980-03-24,0.00,0.00,0.00,0.00,0.00,0.00,0.00,0.00,0.00,0.00,1.08,2.96,4.84,6.72,8.60,29.00,29.00,29.00,29.00,29.00
1980-03-25,0.00,0.00,0.00,0.00,0.00,0.00,0.00,0.00,0.00,0.00,0.40,2.28,4.16,6.04,7.92,28.33,28.33,28.33,28.33,28.33
1980-03-26,0.00,0.00,0.00,0.00,0.00,0.00,0.00,0.00,0.00,0.00,0.73,2.61,4.49,6.37,8.25,28.66,28.66,28.66,28.66,28.66
1980-03-27,0.00,0.00,0.00,0.00,0.00,0.00,0.00,0.00,0.00,0.00,1.07,2.95,4.83,6.71,8.59,28.99,28.99,28.99,28.99,28.99
1980-03-28,0.00,0.00,0.00,0.00,0.00,0.00,0.00,0.00,0.00,0.00,1.37,3.25,5.13,7.02,8.90,29.30,29.30,29.30,29.30,29.30
1980-03-29,0.00,0.00,0.00,0.00,0.00,0.00,0.00,0.00,0.00,0.00,1.66,3.54,5.42,7.30,9.18,29.59,29.59,29.59,29.59,29.59
1980-03-30,0.00,0.00,0.00,0.00,0.00,0.00,0.00,0.00,0.00,0.00,1.23,3.11,4.99,6.87,8.75,29.15,29.15,29.15,29.15,29.15
1980-03-31,0.00,0.00,0.00,0.00,0.00,0.00,0.00,0.00,0.00,0.00,1.52,3.40,5.28,7.17,9.05,29.45,29.45,29.45,29.45,29.45
1980-04-01,0.00,0.00,0.00,0.00,0.00,0.00,0.00,0.00,0.00,0.00,1.00,2.88,4.76,6.64,8.52,28.92,28.92,28.92,28.92,28.92
1980-04-02,0.00,0.00,0.00,0.00,0.00,0.00,0.00,0.00,0.00,0.00,1.31,3.19,5.07,6.95,8.83,29.24,29.24,29.24,29.24,29.24
1980-04-03,0.00,0.00,0.00,0.00,0.00,0.00,0.00,0.00,0.00,0.00,1.60,3.48,5.36,7.24,9.12,29.53,29.53,29.53,29.53,29.53
1980-04-04,0.00,0.00,0.00,0.00,0.00,0.00,0.00,0.00,0.00,0.00,1.87,3.75,5.63,7.51,9.39,29.80,29.80,29.80,29.80,29.80
1980-04-05,0.00,0.00,0.00,0.00,0.00,0.00,0.00,0.00,0.00,0.00,1.08,2.96,4.84,6.72,8.60,29.00,29.00,29.00,29.00,29.00
1980-04-06,0.00,0.00,0.00,0.00,0.00,0.00,0.00,0.00,0.00,0.00,1.38,3.26,5.14,7.02,8.90,29.31,29.31,29.31,29.31,29.31
1980-04-07,0.00,0.00,0.00,0.00,0.00,0.00,0.00,0.00,0.00,0.00,1.67,3.55,5.43,7.31,9.19,29.59,29.59,29.59,29.59,29.59
1980-04-08,0.00,0.00,0.00,0.00,0.00,0.00,0.00,0.00,0.00,0.05,1.93,3.81,5.69,7.57,9.45,29.86,29.86,29.86,29.86,29.86
1980-04-09,0.00,0.00,0.00,0.00,0.00,0.00,0.00,0.00,0.00,0.30,2.18,4.06,5.94,7.82,9.70,30.11,30.11,30.11,30.11,30.11
1980-04-10,0.00,0.00,0.00,0.00,0.00,0.00,0.00,0.00,0.00,0.00,0.00,1.55,3.43,5.31,7.19,27.60,27.60,27.60,27.60,27.60
1980-04-11,0.00,0.00,0.00,0.00,0.00,0.00,0.00,0.00,0.00,0.00,0.11,1.99,3.87,5.75,7.63,28.04,28.04,28.04,28.04,28.04
1980-04-12,0.00,0.00,0.00,0.00,0.00,0.00,0.00,0.00,0.00,0.00,0.50,2.38,4.26,6.14,8.02,28.43,28.43,28.43,28.43,28.43
1980-04-13,0.00,0.00,0.00,0.00,0.00,0.00,0.00,0.00,0.00,0.00,0.86,2.74,4.62,6.50,8.38,28.78,28.78,28.78,28.78,28.78
1980-04-14,0.00,0.00,0.00,0.00,0.00,0.00,0.00,0.00,0.00,0.00,1.18,3.06,4.94,6.82,8.70,29.11,29.11,29.11,29.11,29.11
1980-04-15,0.00,0.00,0.00,0.00,0.00,0.00,0.00,0.00,0.00,0.00,1.15,3.03,4.91,6.79,8.67,29.08,29.08,29.08,29.08,29.08
1980-04-16,0.00,0.00,0.00,0.00,0.00,0.00,0.00,0.00,0.00,0.00,1.45,3.33,5.21,7.09,8.97,29.37,29.37,29.37,29.37,29.37
1980-04-17,0.00,0.00,0.00,0.00,0.00,0.00,0.00,0.00,0.00,0.00,1.73,3.61,5.49,7.37,9.25,29.65,29.65,29.65,29.65,29.65
1980-04-18,0.00,0.00,0.00,0.00,0.00,0.00,0.00,0.00,0.00,0.11,1.99,3.87,5.75,7.63,9.51,29.92,29.92,29.92,29.92,29.92
1980-04-19,0.00,0.00,0.00,0.00,0.00,0.00,0.00,0.00,0.00,0.35,2.23,4.11,5.99,7.87,9.75,30.16,30.16,30.16,30.16,30.16
1980-04-20,0.00,0.00,0.00,0.00,0.00,0.00,0.00,0.00,0.00,0.58,2.46,4.34,6.22,8.10,9.98,30.39,30.39,30.39,30.39,30.39
1980-04-21,0.00,0.00,0.00,0.00,0.00,0.00,0.00,0.00,0.00,0.80,2.68,4.56,6.44,8.32,10.20,30.61,30.61,30.61,30.61,30.61
1980-04-22,0.00,0.00,0.00,0.00,0.00,0.00,0.00,0.00,0.00,1.01,2.89,4.77,6.65,8.53,10.41,30.81,30.81,30.81,30.81,30.81
1980-04-23,0.00,0.00,0.00,0.00,0.00,0.00,0.00,0.00,0.00,1.20,3.08,4.96,6.84,8.72,10.60,31.01,31.01,31.01,31.01,31.01
1980-04-24,0.00,0.00,0.00,0.00,0.00,0.00,0.00,0.00,0.00,1.39,3.27,5.15,7.03,8.91,10.79,31.19,31.19,31.19,31.19,31.19
1980-04-25,0.00,0.00,0.00,0.00,0.00,0.00,0.00,0.00,0.00,1.57,3.45,5.33,7.21,9.09,10.97,31.37,31.37,31.37,31.37,31.37
1980-04-26,0.00,0.00,0.00,0.00,0.00,0.00,0.00,0.00,0.00,1.74,3.62,5.50,7.38,9.26,11.14,31.54,31.54,31.54,31.54,31.54
1980-04-27,0.00,0.00,0.00,0.00,0.00,0.00,0.00,0.00,0.02,1.90,3.78,5.66,7.54,9.42,11.30,31.70,31.70,31.70,31.70,31.70
1980-04-28,0.00,0.00,0.00,0.00,0.00,0.00,0.00,0.00,0.00,1.46,3.34,5.22,7.10,8.98,10.86,31.27,31.27,31.27,31.27,31.27
1980-04-29,0.00,0.00,0.00,0.00,0.00,0.00,0.00,0.00,0.00,1.12,3.00,4.88,6.76,8.64,10.52,30.93,30.93,30.93,30.93,30.93
1980-04-30,0.00,0.00,0.00,0.00,0.00,0.00,0.00,0.00,0.00,0.80,2.68,4.56,6.44,8.32,10.20,30.61,30.61,30.61,30.61,30.61
1980-05-01,0.00,0.00,0.00,0.00,0.00,0.00,0.00,0.00,0.00,1.00,2.88,4.76,6.64,8.52,10.40,30.81,30.81,30.81,30.81,30.81
1980-05-02,0.00,0.00,0.00,0.00,0.00,0.00,0.00,0.00,0.00,1.20,3.08,4.96,6.84,8.72,10.60,31.00,31.00,31.00,31.00,31.00
1980-05-03,0.00,0.00,0.00,0.00,0.00,0.00,0.00,0.00,0.00,1.38,3.26,5.14,7.02,8.90,10.78,31.19,31.19,31.19,31.19,31.19
1980-05-04,0.00,0.00,0.00,0.00,0.00,0.00,0.00,0.00,0.00,1.56,3.44,5.32,7.20,9.08,10.96,31.37,31.37,31.37,31.37,31.37
1980-05-05,0.00,0.00,0.00,0.00,0.00,0.00,0.00,0.00,0.00,1.73,3.61,5.49,7.37,9.25,11.13,31.54,31.54,31.54,31.54,31.54
1980-05-06,0.00,0.00,0.00,0.00,0.00,0.00,0.00,0.00,0.00,1.88,3.76,5.64,7.52,9.40,11.28,31.69,31.69,31.69,31.69,31.69
1980-05-07,0.00,0.00,0.00,0.00,0.00,0.00,0.00,0.00,0.16,2.04,3.92,5.80,7.68,9.56,11.44,31.84,31.84,31.84,31.84,31.84
1980-05-08,0.00,0.00,0.00,0.00,0.00,0.00,0.00,0.00,0.10,1.98,3.86,5.75,7.63,9.51,11.39,31.79,31.79,31.79,31.79,31.79
1980-05-09,0.00,0.00,0.00,0.00,0.00,0.00,0.00,0.00,0.00,1.59,3.47,5.35,7.23,9.11,10.99,31.40,31.40,31.40,31.40,31.40
1980-05-10,0.00,0.00,0.00,0.00,0.00,0.00,0.00,0.00,0.00,1.76,3.64,5.52,7.40,9.28,11.16,31.56,31.56,31.56,31.56,31.56
1980-05-11,0.00,0.00,0.00,0.00,0.00,0.00,0.00,0.00,0.04,1.92,3.80,5.68,7.56,9.44,11.32,31.73,31.73,31.73,31.73,31.73
1980-05-12,0.00,0.00,0.00,0.00,0.00,0.00,0.00,0.00,0.20,2.08,3.96,5.84,7.72,9.60,11.48,31.88,31.88,31.88,31.88,31.88
1980-05-13,0.00,0.00,0.00,0.00,0.00,0.00,0.00,0.00,0.00,1.60,3.48,5.36,7.24,9.12,11.00,31.40,31.40,31.40,31.40,31.40
1980-05-14,0.00,0.00,0.00,0.00,0.00,0.00,0.00,0.00,0.00,1.25,3.13,5.01,6.89,8.77,10.65,31.06,31.06,31.06,31.06,31.06
1980-05-15,0.00,0.00,0.00,0.00,0.00,0.00,0.00,0.00,0.00,1.43,3.31,5.20,7.08,8.96,10.84,31.24,31.24,31.24,31.24,31.24
1980-05-16,0.00,0.00,0.00,0.00,0.00,0.00,0.00,0.00,0.00,1.61,3.49,5.37,7.25,9.13,11.01,31.42,31.42,31.42,31.42,31.42
1980-05-17,0.00,0.00,0.00,0.00,0.00,0.00,0.00,0.00,0.00,1.78,3.66,5.54,7.42,9.30,11.18,31.58,31.58,31.58,31.58,31.58
1980-05-18,0.00,0.00,0.00,0.00,0.00,0.00,0.00,0.00,0.06,1.94,3.82,5.70,7.58,9.46,11.34,31.75,31.75,31.75,31.75,31.75
1980-05-19,0.00,0.00,0.00,0.00,0.00,0.00,0.00,0.00,0.21,2.09,3.97,5.85,7.73,9.61,11.49,31.90,31.90,31.90,31.90,31.90
1980-05-20,0.00,0.00,0.00,0.00,0.00,0.00,0.00,0.00,0.35,2.23,4.11,5.99,7.87,9.75,11.63,32.04,32.04,32.04,32.04,32.04
1980-05-21,0.00,0.00,0.00,0.00,0.00,0.00,0.00,0.00,0.50,2.38,4.26,6.14,8.02,9.90,11.78,32.18,32.18,32.18,32.18,32.18
1980-05-22,0.00,0.00,0.00,0.00,0.00,0.00,0.00,0.00,0.00,1.76,3.64,5.52,7.40,9.28,11.16,31.56,31.56,31.56,31.56,31.56
1980-05-23,0.00,0.00,0.00,0.00,0.00,0.00,0.00,0.00,0.04,1.92,3.80,5.68,7.56,9.44,11.32,31.73,31.73,31.73,31.73,31.73
1980-05-24,0.00,0.00,0.00,0.00,0.00,0.00,0.00,0.00,0.20,2.08,3.96,5.84,7.72,9.60,11.48,31.88,31.88,31.88,31.88,31.88
1980-05-25,0.00,0.00,0.00,0.00,0.00,0.00,0.00,0.00,0.35,2.23,4.11,5.99,7.87,9.75,11.63,32.03,32.03,32.03,32.03,32.03
1980-05-26,0.00,0.00,0.00,0.00,0.00,0.00,0.00,0.00,0.49,2.37,4.25,6.13,8.01,9.89,11.77,32.18,32.18,32.18,32.18,32.18
1980-05-27,0.00,0.00,0.00,0.00,0.00,0.00,0.00,0.00,0.63,2.51,4.39,6.27,8.15,10.03,11.91,32.31,32.31,32.31,32.31,32.31
1980-05-28,0.00,0.00,0.00,0.00,0.00,0.00,0.00,0.00,0.76,2.64,4.52,6.40,8.28,10.16,12.04,32.45,32.45,32.45,32.45,32.45
1980-05-29,0.00,0.00,0.00,0.00,0.00,0.00,0.00,0.00,0.89,2.77,4.65,6.53,8.41,10.29,12.17,32.58,32.58,32.58,32.58,32.58
1980-05-30,0.00,0.00,0.00,0.00,0.00,0.00,0.00,0.00,1.02,2.90,4.78,6.66,8.54,10.42,12.30,32.70,32.70,32.70,32.70,32.70
1980-05-31,0.00,0.00,0.00,0.00,0.00,0.00,0.00,0.00,1.14,3.02,4.90,6.78,8.66,10.54,12.42,32.83,32.83,32.83,32.83,32.83
1980-06-01,0.00,0.00,0.00,0.00,0.00,0.00,0.00,0.00,1.26,3.14,5.02,6.90,8.78,10.66,12.54,32.94,32.94,32.94,32.94,32.94
1980-06-02,0.00,0.00,0.00,0.00,0.00,0.00,0.00,0.00,1.37,3.25,5.13,7.01,8.89,10.77,12.65,33.06,33.06,33.06,33.06,33.06
1980-06-03,0.00,0.00,0.00,0.00,0.00,0.00,0.00,0.00,1.07,2.95,4.83,6.71,8.59,10.47,12.35,32.75,32.75,32.75,32.75,32.75
1980-06-04,0.00,0.00,0.00,0.00,0.00,0.00,0.00,0.00,1.18,3.06,4.94,6.82,8.70,10.58,12.46,32.87,32.87,32.87,32.87,32.87
1980-06-05,0.00,0.00,0.00,0.00,0.00,0.00,0.00,0.00,1.30,3.18,5.06,6.94,8.82,10.70,12.58,32.99,32.99,32.99,32.99,32.99
1980-06-06,0.00,0.00,0.00,0.00,0.00,0.00,0.00,0.00,1.41,3.29,5.17,7.05,8.93,10.81,12.69,33.10,33.10,33.10,33.10,33.10
1980-06-07,0.00,0.00,0.00,0.00,0.00,0.00,0.00,0.00,1.52,3.40,5.28,7.16,9.04,10.92,12.80,33.21,33.21,33.21,33.21,33.21
1980-06-08,0.00,0.00,0.00,0.00,0.00,0.00,0.00,0.00,1.63,3.51,5.39,7.27,9.15,11.03,12.91,33.32,33.32,33.32,33.32,33.32
1980-06-09,0.00,0.00,0.00,0.00,0.00,0.00,0.00,0.00,1.73,3.62,5.50,7.38,9.26,11.14,13.02,33.42,33.42,33.42,33.42,33.42
1980-06-10,0.00,0.00,0.00,0.00,0.00,0.00,0.00,0.00,1.01,2.89,4.77,6.65,8.53,10.41,12.29,32.69,32.69,32.69,32.69,32.69
1980-06-11,0.00,0.00,0.00,0.00,0.00,0.00,0.00,0.00,1.13,3.01,4.89,6.77,8.65,10.53,12.41,32.82,32.82,32.82,32.82,32.82
1980-06-12,0.00,0.00,0.00,0.00,0.00,0.00,0.00,0.00,1.25,3.13,5.01,6.89,8.77,10.65,12.53,32.93,32.93,32.93,32.93,32.93
1980-06-13,0.00,0.00,0.00,0.00,0.00,0.00,0.00,0.00,1.34,3.22,5.10,6.98,8.86,10.74,12.62,33.02,33.02,33.02,33.02,33.02
1980-06-14,0.00,0.00,0.00,0.00,0.00,0.00,0.00,0.00,1.45,3.33,5.21,7.09,8.97,10.85,12.73,33.14,33.14,33.14,33.14,33.14
1980-06-15,0.00,0.00,0.00,0.00,0.00,0.00,0.00,0.00,1.56,3.44,5.32,7.20,9.08,10.96,12.84,33.25,33.25,33.25,33.25,33.25
1980-06-16,0.00,0.00,0.00,0.00,0.00,0.00,0.00,0.00,1.67,3.55,5.43,7.31,9.19,11.07,12.95,33.35,33.35,33.35,33.35,33.35
1980-06-17,0.00,0.00,0.00,0.00,0.00,0.00,0.00,0.00,1.77,3.65,5.53,7.41,9.29,11.17,13.05,33.46,33.46,33.46,33.46,33.46
1980-06-18,0.00,0.00,0.00,0.00,0.00,0.00,0.00,0.00,1.87,3.75,5.63,7.51,9.39,11.27,13.15,33.56,33.56,33.56,33.56,33.56
1980-06-19,0.00,0.00,0.00,0.00,0.00,0.00,0.00,0.09,1.97,3.85,5.73,7.61,9.49,11.37,13.25,33.66,33.66,33.66,33.66,33.66
1980-06-20,0.00,0.00,0.00,0.00,0.00,0.00,0.00,0.19,2.07,3.95,5.83,7.71,9.59,11.47,13.35,33.75,33.75,33.75,33.75,33.75
1980-06-21,0.00,0.00,0.00,0.00,0.00,0.00,0.00,0.28,2.16,4.04,5.92,7.80,9.68,11.56,13.44,33.85,33.85,33.85,33.85,33.85
1980-06-22,0.00,0.00,0.00,0.00,0.00,0.00,0.00,0.37,2.25,4.13,6.01,7.89,9.77,11.65,13.53,33.94,33.94,33.94,33.94,33.94
1980-06-23,0.00,0.00,0.00,0.00,0.00,0.00,0.00,0.46,2.34,4.22,6.10,7.98,9.86,11.74,13.62,34.03,34.03,34.03,34.03,34.03
1980-06-24,0.00,0.00,0.00,0.00,0.00,0.00,0.00,0.55,2.43,4.31,6.19,8.07,9.95,11.83,13.71,34.11,34.11,34.11,34.11,34.11
1980-06-25,0.00,0.00,0.00,0.00,0.00,0.00,0.00,0.63,2.51,4.39,6.27,8.15,10.03,11.91,13.79,34.20,34.20,34.20,34.20,34.20
1980-06-26,0.00,0.00,0.00,0.00,0.00,0.00,0.00,0.72,2.60,4.48,6.36,8.24,10.12,12.00,13.88,34.28,34.28,34.28,34.28,34.28
1980-06-27,0.00,0.00,0.00,0.00,0.00,0.00,0.00,0.80,2.68,4.56,6.44,8.32,10.20,12.08,13.96,34.37,34.37,34.37,34.37,34.37
1980-06-28,0.00,0.00,0.00,0.00,0.00,0.00,0.00,0.88,2.76,4.64,6.52,8.40,10.28,12.16,14.04,34.45,34.45,34.45,34.45,34.45
1980-06-29,0.00,0.00,0.00,0.00,0.00,0.00,0.00,0.96,2.84,4.72,6.60,8.48,10.36,12.24,14.12,34.52,34.52,34.52,34.52,34.52
1980-06-30,0.00,0.00,0.00,0.00,0.00,0.00,0.00,0.29,2.17,4.05,5.93,7.81,9.69,11.57,13.45,33.86,33.86,33.86,33.86,33.86
1980-07-01,0.00,0.00,0.00,0.00,0.00,0.00,0.00,0.00,1.71,3.59,5.47,7.35,9.23,11.11,12.99,33.40,33.40,33.40,33.40,33.40
1980-07-02,0.00,0.00,0.00,0.00,0.00,0.00,0.00,0.00,1.81,3.69,5.57,7.45,9.33,11.21,13.09,33.50,33.50,33.50,33.50,33.50
1980-07-03,0.00,0.00,0.00,0.00,0.00,0.00,0.00,0.03,1.91,3.79,5.67,7.55,9.43,11.31,13.19,33.60,33.60,33.60,33.60,33.60
1980-07-04,0.00,0.00,0.00,0.00,0.00,0.00,0.00,0.13,2.01,3.89,5.77,7.65,9.53,11.41,13.29,33.70,33.70,33.70,33.70,33.70
1980-07-05,0.00,0.00,0.00,0.00,0.00,0.00,0.00,0.22,2.11,3.99,5.87,7.75,9.63,11.51,13.39,33.79,33.79,33.79,33.79,33.79
1980-07-06,0.00,0.00,0.00,0.00,0.00,0.00,0.00,0.00,1.53,3.41,5.29,7.17,9.05,10.93,12.81,33.22,33.22,33.22,33.22,33.22
1980-07-07,0.00,0.00,0.00,0.00,0.00,0.00,0.00,0.00,1.64,3.52,5.40,7.28,9.16,11.04,12.92,33.32,33.32,33.32,33.32,33.32
1980-07-08,0.00,0.00,0.00,0.00,0.00,0.00,0.00,0.00,1.74,3.62,5.50,7.38,9.26,11.14,13.02,33.43,33.43,33.43,33.43,33.43
1980-07-09,0.00,0.00,0.00,0.00,0.00,0.00,0.00,0.00,1.84,3.72,5.60,7.48,9.36,11.24,13.12,33.53,33.53,33.53,33.53,33.53
1980-07-10,0.00,0.00,0.00,0.00,0.00,0.00,0.00,0.06,1.94,3.82,5.70,7.58,9.46,11.34,13.22,33.63,33.63,33.63,33.63,33.63
1980-07-11,0.00,0.00,0.00,0.00,0.00,0.00,0.00,0.16,2.04,3.92,5.80,7.68,9.56,11.44,13.32,33.73,33.73,33.73,33.73,33.73
1980-07-12,0.00,0.00,0.00,0.00,0.00,0.00,0.00,0.25,2.13,4.01,5.89,7.77,9.65,11.53,13.41,33.82,33.82,33.82,33.82,33.82
1980-07-13,0.00,0.00,0.00,0.00,0.00,0.00,0.00,0.35,2.23,4.11,5.99,7.87,9.75,11.63,13.51,33.91,33.91,33.91,33.91,33.91
1980-07-14,0.00,0.00,0.00,0.00,0.00,0.00,0.00,0.44,2.32,4.20,6.08,7.96,9.84,11.72,13.60,34.00,34.00,34.00,34.00,34.00
1980-07-15,0.00,0.00,0.00,0.00,0.00,0.00,0.00,0.52,2.40,4.28,6.16,8.04,9.92,11.80,13.69,34.09,34.09,34.09,34.09,34.09
1980-07-16,0.00,0.00,0.00,0.00,0.00,0.00,0.00,0.61,2.49,4.37,6.25,8.13,10.01,11.89,13.77,34.18,34.18,34.18,34.18,34.18
1980-07-17,0.00,0.00,0.00,0.00,0.00,0.00,0.00,0.69,2.57,4.45,6.33,8.21,10.10,11.98,13.86,34.26,34.26,34.26,34.26,34.26
1980-07-18,0.00,0.00,0.00,0.00,0.00,0.00,0.00,0.78,2.66,4.54,6.42,8.30,10.18,12.06,13.94,34.34,34.34,34.34,34.34,34.34
1980-07-19,0.00,0.00,0.00,0.00,0.00,0.00,0.00,0.86,2.74,4.62,6.50,8.38,10.26,12.14,14.02,34.42,34.42,34.42,34.42,34.42
1980-07-20,0.00,0.00,0.00,0.00,0.00,0.00,0.00,0.94,2.82,4.70,6.58,8.46,10.34,12.22,14.10,34.50,34.50,34.50,34.50,34.50
1980-07-21,0.00,0.00,0.00,0.00,0.00,0.00,0.00,1.01,2.89,4.77,6.66,8.54,10.42,12.30,14.18,34.58,34.58,34.58,34.58,34.58
1980-07-22,0.00,0.00,0.00,0.00,0.00,0.00,0.00,1.09,2.97,4.85,6.73,8.61,10.49,12.37,14.25,34.66,34.66,34.66,34.66,34.66
1980-07-23,0.00,0.00,0.00,0.00,0.00,0.00,0.00,0.77,2.65,4.53,6.41,8.29,10.17,12.05,13.93,34.34,34.34,34.34,34.34,34.34
1980-07-24,0.00,0.00,0.00,0.00,0.00,0.00,0.00,0.53,2.41,4.29,6.17,8.05,9.93,11.81,13.70,34.10,34.10,34.10,34.10,34.10
1980-07-25,0.00,0.00,0.00,0.00,0.00,0.00,0.00,0.62,2.50,4.38,6.26,8.14,10.02,11.90,13.78,34.19,34.19,34.19,34.19,34.19
1980-07-26,0.00,0.00,0.00,0.00,0.00,0.00,0.00,0.70,2.58,4.46,6.34,8.22,10.10,11.98,13.86,34.27,34.27,34.27,34.27,34.27
1980-07-27,0.00,0.00,0.00,0.00,0.00,0.00,0.00,0.79,2.67,4.55,6.43,8.31,10.19,12.07,13.95,34.35,34.35,34.35,34.35,34.35
1980-07-28,0.00,0.00,0.00,0.00,0.00,0.00,0.00,0.87,2.75,4.63,6.51,8.39,10.27,12.15,14.03,34.43,34.43,34.43,34.43,34.43
1980-07-29,0.00,0.00,0.00,0.00,0.00,0.00,0.00,0.95,2.83,4.71,6.59,8.47,10.35,12.23,14.11,34.51,34.51,34.51,34.51,34.51
1980-07-30,0.00,0.00,0.00,0.00,0.00,0.00,0.00,0.00,1.38,3.26,5.14,7.02,8.90,10.78,12.66,33.06,33.06,33.06,33.06,33.06
1980-07-31,0.00,0.00,0.00,0.00,0.00,0.00,0.00,0.00,1.49,3.37,5.25,7.13,9.01,10.89,12.77,33.18,33.18,33.18,33.18,33.18
1980-08-01,0.00,0.00,0.00,0.00,0.00,0.00,0.00,0.00,1.60,3.48,5.36,7.24,9.12,11.00,12.88,33.28,33.28,33.28,33.28,33.28
1980-08-02,0.00,0.00,0.00,0.00,0.00,0.00,0.00,0.00,1.70,3.58,5.46,7.34,9.22,11.10,12.98,33.39,33.39,33.39,33.39,33.39
1980-08-03,0.00,0.00,0.00,0.00,0.00,0.00,0.00,0.00,1.49,3.37,5.25,7.13,9.01,10.89,12.77,33.18,33.18,33.18,33.18,33.18
1980-08-04,0.00,0.00,0.00,0.00,0.00,0.00,0.00,0.00,1.60,3.48,5.36,7.24,9.12,11.00,12.88,33.28,33.28,33.28,33.28,33.28
1980-08-05,0.00,0.00,0.00,0.00,0.00,0.00,0.00,0.00,1.70,3.58,5.46,7.34,9.22,11.10,12.98,33.39,33.39,33.39,33.39,33.39
1980-08-06,0.00,0.00,0.00,0.00,0.00,0.00,0.00,0.00,1.81,3.69,5.57,7.45,9.33,11.21,13.09,33.49,33.49,33.49,33.49,33.49
1980-08-07,0.00,0.00,0.00,0.00,0.00,0.00,0.00,0.03,1.91,3.79,5.67,7.55,9.43,11.31,13.19,33.59,33.59,33.59,33.59,33.59
1980-08-08,0.00,0.00,0.00,0.00,0.00,0.00,0.00,0.12,2.00,3.88,5.76,7.64,9.52,11.40,13.28,33.69,33.69,33.69,33.69,33.69
1980-08-09,0.00,0.00,0.00,0.00,0.00,0.00,0.00,0.22,2.10,3.98,5.86,7.74,9.62,11.50,13.38,33.78,33.78,33.78,33.78,33.78
1980-08-10,0.00,0.00,0.00,0.00,0.00,0.00,0.00,0.31,2.19,4.07,5.95,7.83,9.71,11.59,13.47,33.88,33.88,33.88,33.88,33.88
1980-08-11,0.00,0.00,0.00,0.00,0.00,0.00,0.00,0.40,2.28,4.16,6.04,7.92,9.80,11.68,13.56,33.97,33.97,33.97,33.97,33.97
1980-08-12,0.00,0.00,0.00,0.00,0.00,0.00,0.00,0.37,2.25,4.13,6.01,7.89,9.77,11.65,13.53,33.94,33.94,33.94,33.94,33.94
1980-08-13,0.00,0.00,0.00,0.00,0.00,0.00,0.00,0.46,2.34,4.22,6.10,7.98,9.86,11.74,13.62,34.03,34.03,34.03,34.03,34.03
1980-08-14,0.00,0.00,0.00,0.00,0.00,0.00,0.00,0.55,2.43,4.31,6.19,8.07,9.95,11.83,13.71,34.12,34.12,34.12,34.12,34.12
1980-08-15,0.00,0.00,0.00,0.00,0.00,0.00,0.00,0.64,2.52,4.40,6.28,8.16,10.04,11.92,13.80,34.20,34.20,34.20,34.20,34.20
1980-08-16,0.00,0.00,0.00,0.00,0.00,0.00,0.00,0.72,2.60,4.48,6.36,8.24,10.12,12.00,13.88,34.29,34.29,34.29,34.29,34.29
1980-08-17,0.00,0.00,0.00,0.00,0.00,0.00,0.00,0.80,2.68,4.56,6.44,8.32,10.20,12.08,13.96,34.37,34.37,34.37,34.37,34.37
1980-08-18,0.00,0.00,0.00,0.00,0.00,0.00,0.00,0.88,2.76,4.64,6.52,8.40,10.28,12.16,14.04,34.45,34.45,34.45,34.45,34.45
1980-08-19,0.00,0.00,0.00,0.00,0.00,0.00,0.00,0.96,2.84,4.72,6.60,8.48,10.36,12.24,14.12,34.53,34.53,34.53,34.53,34.53
1980-08-20,0.00,0.00,0.00,0.00,0.00,0.00,0.00,1.04,2.92,4.80,6.68,8.56,10.44,12.32,14.20,34.60,34.60,34.60,34.60,34.60
1980-08-21,0.00,0.00,0.00,0.00,0.00,0.00,0.00,1.11,2.99,4.87,6.75,8.63,10.51,12.39,14.27,34.68,34.68,34.68,34.68,34.68
1980-08-22,0.00,0.00,0.00,0.00,0.00,0.00,0.00,1.19,3.07,4.95,6.83,8.71,10.59,12.47,14.35,34.75,34.75,34.75,34.75,34.75
1980-08-23,0.00,0.00,0.00,0.00,0.00,0.00,0.00,1.26,3.14,5.02,6.90,8.78,10.66,12.54,14.42,34.83,34.83,34.83,34.83,34.83
1980-08-24,0.00,0.00,0.00,0.00,0.00,0.00,0.00,1.33,3.21,5.09,6.97,8.85,10.73,12.61,14.49,34.90,34.90,34.90,34.90,34.90
1980-08-25,0.00,0.00,0.00,0.00,0.00,0.00,0.00,1.40,3.28,5.16,7.04,8.92,10.80,12.68,14.56,34.97,34.97,34.97,34.97,34.97
1980-08-26,0.00,0.00,0.00,0.00,0.00,0.00,0.00,1.47,3.35,5.23,7.11,8.99,10.87,12.75,14.63,35.04,35.04,35.04,35.04,35.04
1980-08-27,0.00,0.00,0.00,0.00,0.00,0.00,0.00,1.54,3.42,5.30,7.18,9.06,10.94,12.82,14.70,35.11,35.11,35.11,35.11,35.11
1980-08-28,0.00,0.00,0.00,0.00,0.00,0.00,0.00,1.61,3.49,5.37,7.25,9.13,11.01,12.89,14.77,35.17,35.17,35.17,35.17,35.17
1980-08-29,0.00,0.00,0.00,0.00,0.00,0.00,0.00,1.67,3.55,5.43,7.31,9.19,11.07,12.95,14.83,35.24,35.24,35.24,35.24,35.24
1980-08-30,0.00,0.00,0.00,0.00,0.00,0.00,0.00,1.74,3.62,5.50,7.38,9.26,11.14,13.02,14.90,35.30,35.30,35.30,35.30,35.30
1980-08-31,0.00,0.00,0.00,0.00,0.00,0.00,0.00,1.80,3.68,5.56,7.44,9.32,11.20,13.08,14.96,35.37,35.37,35.37,35.37,35.37
1980-09-01,0.00,0.00,0.00,0.00,0.00,0.00,0.00,1.86,3.74,5.62,7.50,9.38,11.26,13.14,15.02,35.43,35.43,35.43,35.43,35.43
1980-09-02,0.00,0.00,0.00,0.00,0.00,0.00,0.04,1.92,3.80,5.68,7.57,9.45,11.33,13.21,15.09,35.49,35.49,35.49,35.49,35.49
1980-09-03,0.00,0.00,0.00,0.00,0.00,0.00,0.11,1.99,3.87,5.75,7.63,9.51,11.39,13.27,15.15,35.55,35.55,35.55,35.55,35.55
1980-09-04,0.00,0.00,0.00,0.00,0.00,0.00,0.17,2.05,3.93,5.81,7.69,9.57,11.45,13.33,15.21,35.61,35.61,35.61,35.61,35.61
1980-09-05,0.00,0.00,0.00,0.00,0.00,0.00,0.22,2.10,3.98,5.86,7.74,9.62,11.50,13.38,15.26,35.67,35.67,35.67,35.67,35.67
1980-09-06,0.00,0.00,0.00,0.00,0.00,0.00,0.28,2.16,4.04,5.92,7.80,9.68,11.56,13.44,15.32,35.73,35.73,35.73,35.73,35.73
1980-09-07,0.00,0.00,0.00,0.00,0.00,0.00,0.34,2.22,4.10,5.98,7.86,9.74,11.62,13.50,15.38,35.79,35.79,35.79,35.79,35.79
1980-09-08,0.00,0.00,0.00,0.00,0.00,0.00,0.40,2.28,4.16,6.04,7.92,9.80,11.68,13.56,15.44,35.84,35.84,35.84,35.84,35.84
1980-09-09,0.00,0.00,0.00,0.00,0.00,0.00,0.45,2.33,4.21,6.09,7.97,9.85,11.73,13.61,15.49,35.90,35.90,35.90,35.90,35.90
1980-09-10,0.00,0.00,0.00,0.00,0.00,0.00,0.51,2.39,4.27,6.15,8.03,9.91,11.79,13.67,15.55,35.95,35.95,35.95,35.95,35.95
1980-09-11,0.00,0.00,0.00,0.00,0.00,0.00,0.56,2.44,4.32,6.20,8.08,9.96,11.84,13.72,15.60,36.01,36.01,36.01,36.01,36.01
1980-09-12,0.00,0.00,0.00,0.00,0.00,0.00,0.61,2.49,4.37,6.25,8.13,10.01,11.89,13.77,15.65,36.06,36.06,36.06,36.06,36.06
1980-09-13,0.00,0.00,0.00,0.00,0.00,0.00,0.67,2.55,4.43,6.31,8.19,10.07,11.95,13.83,15.71,36.11,36.11,36.11,36.11,36.11
1980-09-14,0.00,0.00,0.00,0.00,0.00,0.00,0.72,2.60,4.48,6.36,8.24,10.12,12.00,13.88,15.76,36.16,36.16,36.16,36.16,36.16
1980-09-15,0.00,0.00,0.00,0.00,0.00,0.00,0.77,2.65,4.53,6.41,8.29,10.17,12.05,13.93,15.81,36.22,36.22,36.22,36.22,36.22
1980-09-16,0.00,0.00,0.00,0.00,0.00,0.00,0.82,2.70,4.58,6.46,8.34,10.22,12.10,13.98,15.86,36.27,36.27,36.27,36.27,36.27
1980-09-17,0.00,0.00,0.00,0.00,0.00,0.00,0.87,2.75,4.63,6.51,8.39,10.27,12.15,14.03,15.91,36.32,36.32,36.32,36.32,36.32
1980-09-18,0.00,0.00,0.00,0.00,0.00,0.00,0.00,0.25,2.13,4.01,5.89,7.77,9.65,11.53,13.41,33.82,33.82,33.82,33.82,33.82
1980-09-19,0.00,0.00,0.00,0.00,0.00,0.00,0.00,0.00,0.00,1.80,3.68,5.56,7.44,9.32,11.20,31.61,31.61,31.61,31.61,31.61
1980-09-20,0.00,0.00,0.00,0.00,0.00,0.00,0.00,0.00,0.08,1.96,3.84,5.72,7.60,9.48,11.36,31.77,31.77,31.77,31.77,31.77
1980-09-21,0.00,0.00,0.00,0.00,0.00,0.00,0.00,0.00,0.24,2.12,4.00,5.88,7.76,9.64,11.52,31.92,31.92,31.92,31.92,31.92
1980-09-22,0.00,0.00,0.00,0.00,0.00,0.00,0.00,0.00,0.38,2.26,4.15,6.03,7.91,9.79,11.67,32.07,32.07,32.07,32.07,32.07
1980-09-23,0.00,0.00,0.00,0.00,0.00,0.00,0.00,0.00,0.53,2.41,4.29,6.17,8.05,9.93,11.81,32.21,32.21,32.21,32.21,32.21
1980-09-24,0.00,0.00,0.00,0.00,0.00,0.00,0.00,0.00,0.67,2.55,4.43,6.31,8.19,10.07,11.95,32.35,32.35,32.35,32.35,32.35
1980-09-25,0.00,0.00,0.00,0.00,0.00,0.00,0.00,0.00,0.80,2.68,4.56,6.44,8.32,10.20,12.08,32.48,32.48,32.48,32.48,32.48
1980-09-26,0.00,0.00,0.00,0.00,0.00,0.00,0.00,0.00,0.28,2.16,4.04,5.92,7.80,9.68,11.56,31.96,31.96,31.96,31.96,31.96
1980-09-27,0.00,0.00,0.00,0.00,0.00,0.00,0.00,0.00,0.00,1.71,3.59,5.47,7.35,9.23,11.11,31.51,31.51,31.51,31.51,31.51
1980-09-28,0.00,0.00,0.00,0.00,0.00,0.00,0.00,0.00,0.00,1.87,3.75,5.63,7.51,9.39,11.27,31.68,31.68,31.68,31.68,31.68
1980-09-29,0.00,0.00,0.00,0.00,0.00,0.00,0.00,0.00,0.15,2.03,3.91,5.79,7.67,9.55,11.43,31.83,31.83,31.83,31.83,31.83
1980-09-30,0.00,0.00,0.00,0.00,0.00,0.00,0.00,0.00,0.30,2.18,4.06,5.94,7.82,9.70,11.58,31.98,31.98,31.98,31.98,31.98
1980-10-01,0.00,0.00,0.00,0.00,0.00,0.00,0.00,0.00,0.44,2.32,4.20,6.08,7.96,9.84,11.72,32.13,32.13,32.13,32.13,32.13
1980-10-02,0.00,0.00,0.00,0.00,0.00,0.00,0.00,0.00,0.58,2.46,4.34,6.22,8.10,9.98,11.87,32.27,32.27,32.27,32.27,32.27
1980-10-03,0.00,0.00,0.00,0.00,0.00,0.00,0.00,0.00,0.00,1.63,3.51,5.39,7.27,9.15,11.03,31.44,31.44,31.44,31.44,31.44
1980-10-04,0.00,0.00,0.00,0.00,0.00,0.00,0.00,0.00,0.00,0.97,2.85,4.73,6.61,8.49,10.37,30.78,30.78,30.78,30.78,30.78
1980-10-05,0.00,0.00,0.00,0.00,0.00,0.00,0.00,0.00,0.00,1.17,3.05,4.93,6.81,8.69,10.57,30.98,30.98,30.98,30.98,30.98
1980-10-06,0.00,0.00,0.00,0.00,0.00,0.00,0.00,0.00,0.00,1.36,3.24,5.12,7.00,8.88,10.76,31.16,31.16,31.16,31.16,31.16
1980-10-07,0.00,0.00,0.00,0.00,0.00,0.00,0.00,0.00,0.00,1.54,3.42,5.30,7.18,9.06,10.94,31.34,31.34,31.34,31.34,31.34
1980-10-08,0.00,0.00,0.00,0.00,0.00,0.00,0.00,0.00,0.00,1.71,3.59,5.47,7.35,9.23,11.11,31.51,31.51,31.51,31.51,31.51
1980-10-09,0.00,0.00,0.00,0.00,0.00,0.00,0.00,0.00,0.00,1.87,3.75,5.63,7.51,9.39,11.27,31.68,31.68,31.68,31.68,31.68
1980-10-10,0.00,0.00,0.00,0.00,0.00,0.00,0.00,0.00,0.15,2.03,3.91,5.79,7.67,9.55,11.43,31.83,31.83,31.83,31.83,31.83
1980-10-11,0.00,0.00,0.00,0.00,0.00,0.00,0.00,0.00,0.30,2.18,4.06,5.94,7.82,9.70,11.58,31.99,31.99,31.99,31.99,31.99
1980-10-12,0.00,0.00,0.00,0.00,0.00,0.00,0.00,0.00,0.45,2.33,4.21,6.09,7.97,9.85,11.73,32.13,32.13,32.13,32.13,32.13
1980-10-13,0.00,0.00,0.00,0.00,0.00,0.00,0.00,0.00,0.59,2.47,4.35,6.23,8.11,9.99,11.87,32.27,32.27,32.27,32.27,32.27
1980-10-14,0.00,0.00,0.00,0.00,0.00,0.00,0.00,0.00,0.72,2.60,4.48,6.36,8.24,10.12,12.00,32.41,32.41,32.41,32.41,32.41
1980-10-15,0.00,0.00,0.00,0.00,0.00,0.00,0.00,0.00,0.85,2.73,4.61,6.49,8.37,10.25,12.13,32.54,32.54,32.54,32.54,32.54
1980-10-16,0.00,0.00,0.00,0.00,0.00,0.00,0.00,0.00,0.98,2.86,4.74,6.62,8.50,10.38,12.26,32.67,32.67,32.67,32.67,32.67
1980-10-17,0.00,0.00,0.00,0.00,0.00,0.00,0.00,0.00,1.10,2.98,4.86,6.74,8.62,10.50,12.38,32.79,32.79,32.79,32.79,32.79
1980-10-18,0.00,0.00,0.00,0.00,0.00,0.00,0.00,0.00,1.22,3.10,4.98,6.86,8.74,10.62,12.50,32.91,32.91,32.91,32.91,32.91
1980-10-19,0.00,0.00,0.00,0.00,0.00,0.00,0.00,0.00,0.92,2.80,4.68,6.57,8.45,10.33,12.21,32.61,32.61,32.61,32.61,32.61
1980-10-20,0.00,0.00,0.00,0.00,0.00,0.00,0.00,0.00,1.05,2.93,4.81,6.69,8.57,10.45,12.33,32.74,32.74,32.74,32.74,32.74
1980-10-21,0.00,0.00,0.00,0.00,0.00,0.00,0.00,0.00,1.17,3.05,4.93,6.81,8.69,10.57,12.45,32.86,32.86,32.86,32.86,32.86
1980-10-22,0.00,0.00,0.00,0.00,0.00,0.00,0.00,0.00,1.29,3.17,5.05,6.93,8.81,10.69,12.57,32.97,32.97,32.97,32.97,32.97
1980-10-23,0.00,0.00,0.00,0.00,0.00,0.00,0.00,0.00,1.40,3.28,5.16,7.04,8.92,10.80,12.68,33.09,33.09,33.09,33.09,33.09
1980-10-24,0.00,0.00,0.00,0.00,0.00,0.00,0.00,0.00,1.51,3.39,5.27,7.15,9.03,10.91,12.79,33.20,33.20,33.20,33.20,33.20
1980-10-25,0.00,0.00,0.00,0.00,0.00,0.00,0.00,0.00,1.62,3.50,5.38,7.26,9.14,11.02,12.90,33.31,33.31,33.31,33.31,33.31
1980-10-26,0.00,0.00,0.00,0.00,0.00,0.00,0.00,0.00,0.00,0.00,1.02,2.90,4.78,6.66,8.54,28.94,28.94,28.94,28.94,28.94
1980-10-27,0.00,0.00,0.00,0.00,0.00,0.00,0.00,0.00,0.00,0.00,1.33,3.21,5.09,6.97,8.85,29.25,29.25,29.25,29.25,29.25
1980-10-28,0.00,0.00,0.00,0.00,0.00,0.00,0.00,0.00,0.00,0.00,1.62,3.50,5.38,7.26,9.14,29.54,29.54,29.54,29.54,29.54
1980-10-29,0.00,0.00,0.00,0.00,0.00,0.00,0.00,0.00,0.00,0.00,1.72,3.60,5.48,7.36,9.24,29.64,29.64,29.64,29.64,29.64
1980-10-30,0.00,0.00,0.00,0.00,0.00,0.00,0.00,0.00,0.00,0.10,1.98,3.86,5.74,7.62,9.50,29.91,29.91,29.91,29.91,29.91
1980-10-31,0.00,0.00,0.00,0.00,0.00,0.00,0.00,0.00,0.00,0.35,2.23,4.11,5.99,7.87,9.75,30.15,30.15,30.15,30.15,30.15
1980-11-01,0.00,0.00,0.00,0.00,0.00,0.00,0.00,0.00,0.00,0.58,2.46,4.34,6.22,8.10,9.98,30.38,30.38,30.38,30.38,30.38
1980-11-02,0.00,0.00,0.00,0.00,0.00,0.00,0.00,0.00,0.00,0.79,2.67,4.55,6.43,8.31,10.19,30.60,30.60,30.60,30.60,30.60
1980-11-03,0.00,0.00,0.00,0.00,0.00,0.00,0.00,0.00,0.00,1.00,2.88,4.76,6.64,8.52,10.40,30.81,30.81,30.81,30.81,30.81
1980-11-04,0.00,0.00,0.00,0.00,0.00,0.00,0.00,0.00,0.00,1.20,3.08,4.96,6.84,8.72,10.60,31.00,31.00,31.00,31.00,31.00
1980-11-05,0.00,0.00,0.00,0.00,0.00,0.00,0.00,0.00,0.00,0.82,2.70,4.58,6.46,8.34,10.22,30.63,30.63,30.63,30.63,30.63
1980-11-06,0.00,0.00,0.00,0.00,0.00,0.00,0.00,0.00,0.00,1.03,2.91,4.79,6.67,8.55,10.43,30.83,30.83,30.83,30.83,30.83
1980-11-07,0.00,0.00,0.00,0.00,0.00,0.00,0.00,0.00,0.00,1.22,3.10,4.98,6.86,8.74,10.62,31.03,31.03,31.03,31.03,31.03
1980-11-08,0.00,0.00,0.00,0.00,0.00,0.00,0.00,0.00,0.00,1.41,3.29,5.17,7.05,8.93,10.81,31.21,31.21,31.21,31.21,31.21
1980-11-09,0.00,0.00,0.00,0.00,0.00,0.00,0.00,0.00,0.00,1.58,3.46,5.34,7.22,9.10,10.98,31.39,31.39,31.39,31.39,31.39
1980-11-10,0.00,0.00,0.00,0.00,0.00,0.00,0.00,0.00,0.00,1.17,3.05,4.93,6.81,8.69,10.57,30.97,30.97,30.97,30.97,30.97
1980-11-11,0.00,0.00,0.00,0.00,0.00,0.00,0.00,0.00,0.00,1.35,3.23,5.11,6.99,8.87,10.75,31.15,31.15,31.15,31.15,31.15
1980-11-12,0.00,0.00,0.00,0.00,0.00,0.00,0.00,0.00,0.00,1.53,3.41,5.29,7.17,9.05,10.93,31.33,31.33,31.33,31.33,31.33
1980-11-13,0.00,0.00,0.00,0.00,0.00,0.00,0.00,0.00,0.00,1.70,3.58,5.46,7.34,9.22,11.10,31.50,31.50,31.50,31.50,31.50
1980-11-14,0.00,0.00,0.00,0.00,0.00,0.00,0.00,0.00,0.00,1.86,3.74,5.62,7.50,9.38,11.26,31.67,31.67,31.67,31.67,31.67
1980-11-15,0.00,0.00,0.00,0.00,0.00,0.00,0.00,0.00,0.14,2.02,3.90,5.78,7.66,9.54,11.42,31.83,31.83,31.83,31.83,31.83
1980-11-16,0.00,0.00,0.00,0.00,0.00,0.00,0.00,0.00,0.29,2.17,4.05,5.93,7.81,9.69,11.57,31.98,31.98,31.98,31.98,31.98
1980-11-17,0.00,0.00,0.00,0.00,0.00,0.00,0.00,0.00,0.44,2.32,4.20,6.08,7.96,9.84,11.72,32.12,32.12,32.12,32.12,32.12
1980-11-18,0.00,0.00,0.00,0.00,0.00,0.00,0.00,0.00,0.58,2.46,4.34,6.22,8.10,9.98,11.86,32.26,32.26,32.26,32.26,32.26
1980-11-19,0.00,0.00,0.00,0.00,0.00,0.00,0.00,0.00,0.71,2.59,4.47,6.35,8.23,10.11,11.99,32.40,32.40,32.40,32.40,32.40
1980-11-20,0.00,0.00,0.00,0.00,0.00,0.00,0.00,0.00,0.85,2.73,4.61,6.49,8.37,10.25,12.13,32.53,32.53,32.53,32.53,32.53
1980-11-21,0.00,0.00,0.00,0.00,0.00,0.00,0.00,0.00,0.97,2.85,4.73,6.61,8.49,10.37,12.25,32.66,32.66,32.66,32.66,32.66
1980-11-22,0.00,0.00,0.00,0.00,0.00,0.00,0.00,0.00,1.10,2.98,4.86,6.74,8.62,10.50,12.38,32.78,32.78,32.78,32.78,32.78
1980-11-23,0.00,0.00,0.00,0.00,0.00,0.00,0.00,0.00,0.92,2.80,4.68,6.56,8.44,10.32,12.20,32.61,32.61,32.61,32.61,32.61
1980-11-24,0.00,0.00,0.00,0.00,0.00,0.00,0.00,0.00,1.04,2.92,4.80,6.68,8.56,10.44,12.32,32.72,32.72,32.72,32.72,32.72
1980-11-25,0.00,0.00,0.00,0.00,0.00,0.00,0.00,0.00,1.08,2.96,4.84,6.72,8.60,10.48,12.36,32.76,32.76,32.76,32.76,32.76
1980-11-26,0.00,0.00,0.00,0.00,0.00,0.00,0.00,0.00,1.09,2.97,4.85,6.73,8.61,10.49,12.37,32.77,32.77,32.77,32.77,32.77
1980-11-27,0.00,0.00,0.00,0.00,0.00,0.00,0.00,0.00,1.20,3.08,4.96,6.84,8.72,10.60,12.48,32.89,32.89,32.89,32.89,32.89
1980-11-28,0.00,0.00,0.00,0.00,0.00,0.00,0.00,0.00,1.32,3.20,5.08,6.96,8.84,10.72,12.60,33.01,33.01,33.01,33.01,33.01
1980-11-29,0.00,0.00,0.00,0.00,0.00,0.00,0.00,0.00,1.43,3.31,5.19,7.07,8.95,10.83,12.71,33.12,33.12,33.12,33.12,33.12
1980-11-30,0.00,0.00,0.00,0.00,0.00,0.00,0.00,0.00,1.54,3.42,5.30,7.18,9.06,10.94,12.82,33.23,33.23,33.23,33.23,33.23
1980-12-01,0.00,0.00,0.00,0.00,0.00,0.00,0.00,0.00,1.65,3.53,5.41,7.29,9.17,11.05,12.93,33.33,33.33,33.33,33.33,33.33
1980-12-02,0.00,0.00,0.00,0.00,0.00,0.00,0.00,0.00,1.75,3.63,5.51,7.39,9.27,11.15,13.03,33.44,33.44,33.44,33.44,33.44
1980-12-03,0.00,0.00,0.00,0.00,0.00,0.00,0.00,0.00,1.85,3.73,5.61,7.49,9.37,11.25,13.13,33.54,33.54,33.54,33.54,33.54
1980-12-04,0.00,0.00,0.00,0.00,0.00,0.00,0.00,0.07,1.95,3.83,5.71,7.59,9.47,11.35,13.23,33.64,33.64,33.64,33.64,33.64
1980-12-05,0.00,0.00,0.00,0.00,0.00,0.00,0.00,0.17,2.05,3.93,5.81,7.69,9.57,11.45,13.33,33.73,33.73,33.73,33.73,33.73
1980-12-06,0.00,0.00,0.00,0.00,0.00,0.00,0.00,0.26,2.14,4.02,5.90,7.78,9.66,11.54,13.42,33.83,33.83,33.83,33.83,33.83
1980-12-07,0.00,0.00,0.00,0.00,0.00,0.00,0.00,0.35,2.23,4.11,5.99,7.87,9.75,11.63,13.51,33.92,33.92,33.92,33.92,33.92
1980-12-08,0.00,0.00,0.00,0.00,0.00,0.00,0.00,0.41,2.29,4.17,6.05,7.93,9.81,11.69,13.57,33.97,33.97,33.97,33.97,33.97
1980-12-09,0.00,0.00,0.00,0.00,0.00,0.00,0.00,0.40,2.28,4.16,6.04,7.92,9.80,11.68,13.56,33.97,33.97,33.97,33.97,33.97
1980-12-10,0.00,0.00,0.00,0.00,0.00,0.00,0.00,0.29,2.17,4.05,5.93,7.81,9.69,11.57,13.45,33.85,33.85,33.85,33.85,33.85
1980-12-11,0.00,0.00,0.00,0.00,0.00,0.00,0.00,0.32,2.20,4.08,5.96,7.84,9.72,11.60,13.48,33.89,33.89,33.89,33.89,33.89
1980-12-12,0.00,0.00,0.00,0.00,0.00,0.00,0.00,0.41,2.29,4.17,6.05,7.93,9.81,11.69,13.57,33.98,33.98,33.98,33.98,33.98
1980-12-13,0.00,0.00,0.00,0.00,0.00,0.00,0.00,0.50,2.38,4.26,6.14,8.02,9.90,11.78,13.66,34.07,34.07,34.07,34.07,34.07
1980-12-14,0.00,0.00,0.00,0.00,0.00,0.00,0.00,0.59,2.47,4.35,6.23,8.11,9.99,11.87,13.75,34.15,34.15,34.15,34.15,34.15
1980-12-15,0.00,0.00,0.00,0.00,0.00,0.00,0.00,0.67,2.55,4.43,6.31,8.19,10.07,11.95,13.83,34.24,34.24,34.24,34.24,34.24
1980-12-16,0.00,0.00,0.00,0.00,0.00,0.00,0.00,0.76,2.64,4.52,6.40,8.28,10.16,12.04,13.92,34.32,34.32,34.32,34.32,34.32
1980-12-17,0.00,0.00,0.00,0.00,0.00,0.00,0.00,0.84,2.72,4.60,6.48,8.36,10.24,12.12,14.00,34.40,34.40,34.40,34.40,34.40
1980-12-18,0.00,0.00,0.00,0.00,0.00,0.00,0.00,0.92,2.80,4.68,6.56,8.44,10.32,12.20,14.08,34.48,34.48,34.48,34.48,34.48
1980-12-19,0.00,0.00,0.00,0.00,0.00,0.00,0.00,0.99,2.87,4.75,6.64,8.52,10.40,12.28,14.16,34.56,34.56,34.56,34.56,34.56
1980-12-20,0.00,0.00,0.00,0.00,0.00,0.00,0.00,1.07,2.95,4.83,6.71,8.59,10.47,12.35,14.23,34.64,34.64,34.64,34.64,34.64
1980-12-21,0.00,0.00,0.00,0.00,0.00,0.00,0.00,1.15,3.03,4.91,6.79,8.67,10.55,12.43,14.31,34.71,34.71,34.71,34.71,34.71
1980-12-22,0.00,0.00,0.00,0.00,0.00,0.00,0.00,1.22,3.10,4.98,6.86,8.74,10.62,12.50,14.38,34.79,34.79,34.79,34.79,34.79
1980-12-23,0.00,0.00,0.00,0.00,0.00,0.00,0.00,1.29,3.17,5.05,6.93,8.81,10.69,12.57,14.45,34.86,34.86,34.86,34.86,34.86
1980-12-24,0.00,0.00,0.00,0.00,0.00,0.00,0.00,1.36,3.24,5.12,7.00,8.88,10.76,12.64,14.52,34.93,34.93,34.93,34.93,34.93
1980-12-25,0.00,0.00,0.00,0.00,0.00,0.00,0.00,1.43,3.31,5.19,7.07,8.95,10.83,12.71,14.59,35.00,35.00,35.00,35.00,35.00
1980-12-26,0.00,0.00,0.00,0.00,0.00,0.00,0.00,1.50,3.38,5.26,7.14,9.02,10.90,12.78,14.66,35.07,35.07,35.07,35.07,35.07
1980-12-27,0.00,0.00,0.00,0.00,0.00,0.00,0.00,1.57,3.45,5.33,7.21,9.09,10.97,12.85,14.73,35.14,35.14,35.14,35.14,35.14
1980-12-28,0.00,0.00,0.00,0.00,0.00,0.00,0.00,1.64,3.52,5.40,7.28,9.16,11.04,12.92,14.80,35.20,35.20,35.20,35.20,35.20
1980-12-29,0.00,0.00,0.00,0.00,0.00,0.00,0.00,1.70,3.58,5.46,7.34,9.22,11.10,12.98,14.86,35.27,35.27,35.27,35.27,35.27
1980-12-30,0.00,0.00,0.00,0.00,0.00,0.00,0.00,1.76,3.64,5.53,7.41,9.29,11.17,13.05,14.93,35.33,35.33,35.33,35.33,35.33
1980-12-31,0.00,0.00,0.00,0.00,0.00,0.00,0.00,1.69,3.57,5.45,7.33,9.21,11.09,12.97,14.85,35.25,35.25,35.25,35.25,35.25
1981-01-01,0.00,0.00,0.00,0.00,0.00,0.00,0.00,1.75,3.63,5.51,7.39,9.27,11.15,13.03,14.91,35.32,35.32,35.32,35.32,35.32
1981-01-02,0.00,0.00,0.00,0.00,0.00,0.00,0.00,1.81,3.69,5.57,7.45,9.33,11.21,13.09,14.97,35.38,35.38,35.38,35.38,35.38
1981-01-03,0.00,0.00,0.00,0.00,0.00,0.00,0.00,1.88,3.76,5.64,7.52,9.40,11.28,13.16,15.04,35.44,35.44,35.44,35.44,35.44
1981-01-04,0.00,0.00,0.00,0.00,0.00,0.00,0.06,1.94,3.82,5.70,7.58,9.46,11.34,13.22,15.10,35.50,35.50,35.50,35.50,35.50
1981-01-05,0.00,0.00,0.00,0.00,0.00,0.00,0.12,2.00,3.88,5.76,7.64,9.52,11.40,13.28,15.16,35.56,35.56,35.56,35.56,35.56
1981-01-06,0.00,0.00,0.00,0.00,0.00,0.00,0.18,2.06,3.94,5.82,7.70,9.58,11.46,13.34,15.22,35.62,35.62,35.62,35.62,35.62
1981-01-07,0.00,0.00,0.00,0.00,0.00,0.00,0.24,2.12,4.00,5.88,7.76,9.64,11.52,13.40,15.28,35.68,35.68,35.68,35.68,35.68
1981-01-08,0.00,0.00,0.00,0.00,0.00,0.00,0.29,2.17,4.05,5.93,7.81,9.69,11.57,13.45,15.33,35.74,35.74,35.74,35.74,35.74
1981-01-09,0.00,0.00,0.00,0.00,0.00,0.00,0.35,2.23,4.11,5.99,7.87,9.75,11.63,13.51,15.39,35.80,35.80,35.80,35.80,35.80
1981-01-10,0.00,0.00,0.00,0.00,0.00,0.00,0.41,2.29,4.17,6.05,7.93,9.81,11.69,13.57,15.45,35.85,35.85,35.85,35.85,35.85
1981-01-11,0.00,0.00,0.00,0.00,0.00,0.00,0.46,2.34,4.22,6.10,7.98,9.86,11.74,13.62,15.50,35.91,35.91,35.91,35.91,35.91
1981-01-12,0.00,0.00,0.00,0.00,0.00,0.00,0.52,2.40,4.28,6.16,8.04,9.92,11.80,13.68,15.56,35.96,35.96,35.96,35.96,35.96
1981-01-13,0.00,0.00,0.00,0.00,0.00,0.00,0.57,2.45,4.33,6.21,8.09,9.97,11.85,13.73,15.61,36.02,36.02,36.02,36.02,36.02
1981-01-14,0.00,0.00,0.00,0.00,0.00,0.00,0.62,2.50,4.38,6.26,8.14,10.02,11.90,13.78,15.66,36.07,36.07,36.07,36.07,36.07
1981-01-15,0.00,0.00,0.00,0.00,0.00,0.00,0.68,2.56,4.44,6.32,8.20,10.08,11.96,13.84,15.72,36.12,36.12,36.12,36.12,36.12
1981-01-16,0.00,0.00,0.00,0.00,0.00,0.00,0.73,2.61,4.49,6.37,8.25,10.13,12.01,13.89,15.77,36.17,36.17,36.17,36.17,36.17
1981-01-17,0.00,0.00,0.00,0.00,0.00,0.00,0.78,2.66,4.54,6.42,8.30,10.18,12.06,13.94,15.82,36.23,36.23,36.23,36.23,36.23
1981-01-18,0.00,0.00,0.00,0.00,0.00,0.00,0.83,2.71,4.59,6.47,8.35,10.23,12.11,13.99,15.87,36.28,36.28,36.28,36.28,36.28
1981-01-19,0.00,0.00,0.00,0.00,0.00,0.00,0.88,2.76,4.64,6.52,8.40,10.28,12.16,14.04,15.92,36.33,36.33,36.33,36.33,36.33
1981-01-20,0.00,0.00,0.00,0.00,0.00,0.00,0.93,2.81,4.69,6.57,8.45,10.33,12.21,14.09,15.97,36.38,36.38,36.38,36.38,36.38
1981-01-21,0.00,0.00,0.00,0.00,0.00,0.00,0.97,2.85,4.73,6.61,8.49,10.37,12.25,14.13,16.01,36.42,36.42,36.42,36.42,36.42
1981-01-22,0.00,0.00,0.00,0.00,0.00,0.00,1.02,2.90,4.78,6.66,8.54,10.42,12.30,14.18,16.06,36.47,36.47,36.47,36.47,36.47
1981-01-23,0.00,0.00,0.00,0.00,0.00,0.00,1.07,2.95,4.83,6.71,8.59,10.47,12.35,14.23,16.11,36.51,36.51,36.51,36.51,36.51
1981-01-24,0.00,0.00,0.00,0.00,0.00,0.00,1.11,3.00,4.88,6.76,8.64,10.52,12.40,14.28,16.16,36.56,36.56,36.56,36.56,36.56
1981-01-25,0.00,0.00,0.00,0.00,0.00,0.00,1.16,3.04,4.92,6.80,8.68,10.56,12.44,14.32,16.20,36.61,36.61,36.61,36.61,36.61
1981-01-26,0.00,0.00,0.00,0.00,0.00,0.00,1.20,3.09,4.97,6.85,8.73,10.61,12.49,14.37,16.25,36.65,36.65,36.65,36.65,36.65
1981-01-27,0.00,0.00,0.00,0.00,0.00,0.00,1.24,3.12,5.00,6.88,8.76,10.64,12.52,14.40,16.28,36.69,36.69,36.69,36.69,36.69
1981-01-28,0.00,0.00,0.00,0.00,0.00,0.00,1.25,3.13,5.01,6.89,8.77,10.65,12.53,14.41,16.29,36.69,36.69,36.69,36.69,36.69
1981-01-29,0.00,0.00,0.00,0.00,0.00,0.00,1.28,3.16,5.04,6.92,8.80,10.68,12.56,14.44,16.32,36.72,36.72,36.72,36.72,36.72
1981-01-30,0.00,0.00,0.00,0.00,0.00,0.00,1.32,3.20,5.08,6.96,8.84,10.72,12.60,14.48,16.36,36.77,36.77,36.77,36.77,36.77
1981-01-31,0.00,0.00,0.00,0.00,0.00,0.00,1.36,3.24,5.12,7.00,8.88,10.76,12.65,14.53,16.41,36.81,36.81,36.81,36.81,36.81
1981-02-01,0.00,0.00,0.00,0.00,0.00,0.00,1.41,3.29,5.17,7.05,8.93,10.81,12.69,14.57,16.45,36.85,36.85,36.85,36.85,36.85
1981-02-02,0.00,0.00,0.00,0.00,0.00,0.00,1.45,3.33,5.21,7.09,8.97,10.85,12.73,14.61,16.49,36.90,36.90,36.90,36.90,36.90
1981-02-03,0.00,0.00,0.00,0.00,0.00,0.00,1.49,3.37,5.25,7.13,9.01,10.89,12.77,14.65,16.53,36.94,36.94,36.94,36.94,36.94
1981-02-04,0.00,0.00,0.00,0.00,0.00,0.00,1.54,3.42,5.30,7.18,9.06,10.94,12.82,14.70,16.58,36.98,36.98,36.98,36.98,36.98
1981-02-05,0.00,0.00,0.00,0.00,0.00,0.00,1.58,3.46,5.34,7.22,9.10,10.98,12.86,14.74,16.62,37.02,37.02,37.02,37.02,37.02
1981-02-06,0.00,0.00,0.00,0.00,0.00,0.00,1.62,3.50,5.38,7.26,9.14,11.02,12.90,14.78,16.66,37.07,37.07,37.07,37.07,37.07
1981-02-07,0.00,0.00,0.00,0.00,0.00,0.00,1.66,3.54,5.42,7.30,9.18,11.06,12.94,14.82,16.70,37.11,37.11,37.11,37.11,37.11
1981-02-08,0.00,0.00,0.00,0.00,0.00,0.00,1.70,3.58,5.46,7.34,9.22,11.10,12.98,14.86,16.74,37.15,37.15,37.15,37.15,37.15
1981-02-09,0.00,0.00,0.00,0.00,0.00,0.00,1.74,3.62,5.50,7.38,9.26,11.14,13.02,14.90,16.78,37.19,37.19,37.19,37.19,37.19
1981-02-10,0.00,0.00,0.00,0.00,0.00,0.00,1.78,3.66,5.54,7.42,9.30,11.18,13.06,14.94,16.82,37.23,37.23,37.23,37.23,37.23
1981-02-11,0.00,0.00,0.00,0.00,0.00,0.00,1.82,3.70,5.58,7.46,9.34,11.22,13.10,14.98,16.86,37.27,37.27,37.27,37.27,37.27
1981-02-12,0.00,0.00,0.00,0.00,0.00,0.00,0.00,1.19,3.07,4.95,6.83,8.71,10.59,12.47,14.36,34.76,34.76,34.76,34.76,34.76
1981-02-13,0.00,0.00,0.00,0.00,0.00,0.00,0.00,1.26,3.14,5.02,6.90,8.78,10.66,12.54,14.42,34.83,34.83,34.83,34.83,34.83
1981-02-14,0.00,0.00,0.00,0.00,0.00,0.00,0.00,1.34,3.22,5.10,6.98,8.86,10.74,12.62,14.50,34.90,34.90,34.90,34.90,34.90
1981-02-15,0.00,0.00,0.00,0.00,0.00,0.00,0.00,1.41,3.29,5.17,7.05,8.93,10.81,12.69,14.57,34.97,34.97,34.97,34.97,34.97
1981-02-16,0.00,0.00,0.00,0.00,0.00,0.00,0.00,1.47,3.36,5.24,7.12,9.00,10.88,12.76,14.64,35.04,35.04,35.04,35.04,35.04
1981-02-17,0.00,0.00,0.00,0.00,0.00,0.00,0.00,1.54,3.42,5.30,7.18,9.06,10.94,12.82,14.70,35.11,35.11,35.11,35.11,35.11
1981-02-18,0.00,0.00,0.00,0.00,0.00,0.00,0.00,1.55,3.43,5.31,7.19,9.07,10.95,12.83,14.71,35.12,35.12,35.12,35.12,35.12
1981-02-19,0.00,0.00,0.00,0.00,0.00,0.00,0.00,1.41,3.29,5.17,7.05,8.93,10.81,12.69,14.57,34.98,34.98,34.98,34.98,34.98
1981-02-20,0.00,0.00,0.00,0.00,0.00,0.00,0.00,1.28,3.16,5.04,6.92,8.80,10.68,12.56,14.44,34.85,34.85,34.85,34.85,34.85
1981-02-21,0.00,0.00,0.00,0.00,0.00,0.00,0.00,1.14,3.02,4.90,6.78,8.66,10.54,12.42,14.30,34.71,34.71,34.71,34.71,34.71
1981-02-22,0.00,0.00,0.00,0.00,0.00,0.00,0.00,1.01,2.89,4.77,6.65,8.53,10.41,12.29,14.17,34.57,34.57,34.57,34.57,34.57
1981-02-23,0.00,0.00,0.00,0.00,0.00,0.00,0.00,0.87,2.75,4.63,6.51,8.39,10.27,12.15,14.03,34.44,34.44,34.44,34.44,34.44
1981-02-24,0.00,0.00,0.00,0.00,0.00,0.00,0.00,0.74,2.62,4.50,6.38,8.26,10.14,12.02,13.90,34.31,34.31,34.31,34.31,34.31
1981-02-25,0.00,0.00,0.00,0.00,0.00,0.00,0.00,0.61,2.49,4.37,6.25,8.13,10.01,11.89,13.77,34.18,34.18,34.18,34.18,34.18
1981-02-26,0.00,0.00,0.00,0.00,0.00,0.00,0.00,0.69,2.57,4.45,6.33,8.21,10.09,11.97,13.85,34.26,34.26,34.26,34.26,34.26
1981-02-27,0.00,0.00,0.00,0.00,0.00,0.00,0.00,0.77,2.65,4.53,6.41,8.29,10.17,12.05,13.93,34.34,34.34,34.34,34.34,34.34
1981-02-28,0.00,0.00,0.00,0.00,0.00,0.00,0.00,0.85,2.73,4.61,6.49,8.37,10.25,12.13,14.01,34.42,34.42,34.42,34.42,34.42
1981-03-01,0.00,0.00,0.00,0.00,0.00,0.00,0.00,0.93,2.81,4.69,6.57,8.45,10.33,12.21,14.09,34.50,34.50,34.50,34.50,34.50
1981-03-02,0.00,0.00,0.00,0.00,0.00,0.00,0.00,1.01,2.89,4.77,6.65,8.53,10.41,12.29,14.17,34.58,34.58,34.58,34.58,34.58
1981-03-03,0.00,0.00,0.00,0.00,0.00,0.00,0.00,1.06,2.94,4.82,6.70,8.58,10.46,12.34,14.22,34.62,34.62,34.62,34.62,34.62
1981-03-04,0.00,0.00,0.00,0.00,0.00,0.00,0.00,1.13,3.01,4.89,6.77,8.65,10.53,12.41,14.29,34.70,34.70,34.70,34.70,34.70
1981-03-05,0.00,0.00,0.00,0.00,0.00,0.00,0.00,1.20,3.08,4.96,6.85,8.73,10.61,12.49,14.37,34.77,34.77,34.77,34.77,34.77
1981-03-06,0.00,0.00,0.00,0.00,0.00,0.00,0.00,1.28,3.16,5.04,6.92,8.80,10.68,12.56,14.44,34.84,34.84,34.84,34.84,34.84
1981-03-07,0.00,0.00,0.00,0.00,0.00,0.00,0.00,1.35,3.23,5.11,6.99,8.87,10.75,12.63,14.51,34.91,34.91,34.91,34.91,34.91
1981-03-08,0.00,0.00,0.00,0.00,0.00,0.00,0.00,1.42,3.30,5.18,7.06,8.94,10.82,12.70,14.58,34.98,34.98,34.98,34.98,34.98
1981-03-09,0.00,0.00,0.00,0.00,0.00,0.00,0.00,1.49,3.37,5.25,7.13,9.01,10.89,12.77,14.65,35.05,35.05,35.05,35.05,35.05
1981-03-10,0.00,0.00,0.00,0.00,0.00,0.00,0.00,1.48,3.36,5.24,7.12,9.00,10.88,12.76,14.64,35.05,35.05,35.05,35.05,35.05
1981-03-11,0.00,0.00,0.00,0.00,0.00,0.00,0.00,1.49,3.37,5.25,7.14,9.02,10.90,12.78,14.66,35.06,35.06,35.06,35.06,35.06
1981-03-12,0.00,0.00,0.00,0.00,0.00,0.00,0.00,1.25,3.13,5.01,6.89,8.77,10.65,12.53,14.41,34.82,34.82,34.82,34.82,34.82
1981-03-13,0.00,0.00,0.00,0.00,0.00,0.00,0.00,1.32,3.20,5.08,6.96,8.84,10.72,12.60,14.48,34.89,34.89,34.89,34.89,34.89
1981-03-14,0.00,0.00,0.00,0.00,0.00,0.00,0.00,1.39,3.27,5.15,7.03,8.91,10.79,12.67,14.55,34.96,34.96,34.96,34.96,34.96
1981-03-15,0.00,0.00,0.00,0.00,0.00,0.00,0.00,1.37,3.25,5.13,7.01,8.89,10.77,12.65,14.53,34.94,34.94,34.94,34.94,34.94
1981-03-16,0.00,0.00,0.00,0.00,0.00,0.00,0.00,1.44,3.32,5.20,7.08,8.96,10.84,12.72,14.60,35.01,35.01,35.01,35.01,35.01
1981-03-17,0.00,0.00,0.00,0.00,0.00,0.00,0.00,1.15,3.03,4.91,6.79,8.67,10.55,12.43,14.31,34.71,34.71,34.71,34.71,34.71
1981-03-18,0.00,0.00,0.00,0.00,0.00,0.00,0.00,1.22,3.10,4.98,6.86,8.74,10.62,12.50,14.38,34.79,34.79,34.79,34.79,34.79
1981-03-19,0.00,0.00,0.00,0.00,0.00,0.00,0.00,1.29,3.17,5.05,6.93,8.81,10.69,12.57,14.45,34.86,34.86,34.86,34.86,34.86
1981-03-20,0.00,0.00,0.00,0.00,0.00,0.00,0.00,1.36,3.24,5.12,7.00,8.88,10.76,12.64,14.52,34.93,34.93,34.93,34.93,34.93
1981-03-21,0.00,0.00,0.00,0.00,0.00,0.00,0.00,1.43,3.31,5.19,7.07,8.95,10.83,12.71,14.59,35.00,35.00,35.00,35.00,35.00
1981-03-22,0.00,0.00,0.00,0.00,0.00,0.00,0.00,1.50,3.38,5.26,7.14,9.02,10.90,12.78,14.66,35.07,35.07,35.07,35.07,35.07
1981-03-23,0.00,0.00,0.00,0.00,0.00,0.00,0.00,1.57,3.45,5.33,7.21,9.09,10.97,12.85,14.73,35.13,35.13,35.13,35.13,35.13
1981-03-24,0.00,0.00,0.00,0.00,0.00,0.00,0.00,1.58,3.46,5.34,7.22,9.10,10.98,12.86,14.74,35.15,35.15,35.15,35.15,35.15
1981-03-25,0.00,0.00,0.00,0.00,0.00,0.00,0.00,1.65,3.53,5.41,7.29,9.17,11.05,12.93,14.81,35.21,35.21,35.21,35.21,35.21
1981-03-26,0.00,0.00,0.00,0.00,0.00,0.00,0.00,1.71,3.59,5.47,7.35,9.23,11.11,12.99,14.87,35.28,35.28,35.28,35.28,35.28
1981-03-27,0.00,0.00,0.00,0.00,0.00,0.00,0.00,1.78,3.66,5.54,7.42,9.30,11.18,13.06,14.94,35.34,35.34,35.34,35.34,35.34
1981-03-28,0.00,0.00,0.00,0.00,0.00,0.00,0.00,1.84,3.72,5.60,7.48,9.36,11.24,13.12,15.00,35.40,35.40,35.40,35.40,35.40
1981-03-29,0.00,0.00,0.00,0.00,0.00,0.00,0.02,1.90,3.78,5.66,7.54,9.42,11.30,13.18,15.06,35.47,35.47,35.47,35.47,35.47
1981-03-30,0.00,0.00,0.00,0.00,0.00,0.00,0.08,1.96,3.84,5.72,7.60,9.48,11.36,13.24,15.12,35.53,35.53,35.53,35.53,35.53
1981-03-31,0.00,0.00,0.00,0.00,0.00,0.00,0.00,1.36,3.24,5.12,7.00,8.88,10.76,12.64,14.52,34.92,34.92,34.92,34.92,34.92
1981-04-01,0.00,0.00,0.00,0.00,0.00,0.00,0.00,0.87,2.75,4.63,6.51,8.39,10.27,12.15,14.03,34.43,34.43,34.43,34.43,34.43
1981-04-02,0.00,0.00,0.00,0.00,0.00,0.00,0.00,0.39,2.27,4.15,6.03,7.91,9.79,11.67,13.55,33.95,33.95,33.95,33.95,33.95
1981-04-03,0.00,0.00,0.00,0.00,0.00,0.00,0.00,0.48,2.36,4.24,6.12,8.00,9.88,11.76,13.64,34.04,34.04,34.04,34.04,34.04
1981-04-04,0.00,0.00,0.00,0.00,0.00,0.00,0.00,0.56,2.44,4.32,6.20,8.08,9.96,11.84,13.72,34.13,34.13,34.13,34.13,34.13
1981-04-05,0.00,0.00,0.00,0.00,0.00,0.00,0.00,0.65,2.53,4.41,6.29,8.17,10.05,11.93,13.81,34.21,34.21,34.21,34.21,34.21
1981-04-06,0.00,0.00,0.00,0.00,0.00,0.00,0.00,0.00,1.88,3.76,5.64,7.52,9.40,11.28,13.16,33.57,33.57,33.57,33.57,33.57
1981-04-07,0.00,0.00,0.00,0.00,0.00,0.00,0.00,0.10,1.98,3.86,5.74,7.62,9.50,11.38,13.26,33.67,33.67,33.67,33.67,33.67
1981-04-08,0.00,0.00,0.00,0.00,0.00,0.00,0.00,0.20,2.08,3.96,5.84,7.72,9.60,11.48,13.36,33.76,33.76,33.76,33.76,33.76
1981-04-09,0.00,0.00,0.00,0.00,0.00,0.00,0.00,0.29,2.17,4.05,5.93,7.81,9.69,11.57,13.45,33.86,33.86,33.86,33.86,33.86
1981-04-10,0.00,0.00,0.00,0.00,0.00,0.00,0.00,0.38,2.26,4.14,6.02,7.90,9.78,11.66,13.54,33.95,33.95,33.95,33.95,33.95
1981-04-11,0.00,0.00,0.00,0.00,0.00,0.00,0.00,0.47,2.35,4.23,6.11,7.99,9.87,11.75,13.63,34.04,34.04,34.04,34.04,34.04
1981-04-12,0.00,0.00,0.00,0.00,0.00,0.00,0.00,0.46,2.34,4.22,6.10,7.98,9.86,11.74,13.62,34.02,34.02,34.02,34.02,34.02
1981-04-13,0.00,0.00,0.00,0.00,0.00,0.00,0.00,0.00,1.77,3.65,5.53,7.41,9.29,11.17,13.05,33.46,33.46,33.46,33.46,33.46
1981-04-14,0.00,0.00,0.00,0.00,0.00,0.00,0.00,0.00,1.87,3.75,5.63,7.51,9.39,11.27,13.15,33.55,33.55,33.55,33.55,33.55
1981-04-15,0.00,0.00,0.00,0.00,0.00,0.00,0.00,0.09,1.97,3.85,5.73,7.61,9.49,11.37,13.25,33.65,33.65,33.65,33.65,33.65
1981-04-16,0.00,0.00,0.00,0.00,0.00,0.00,0.00,0.18,2.06,3.94,5.82,7.70,9.58,11.46,13.34,33.75,33.75,33.75,33.75,33.75
1981-04-17,0.00,0.00,0.00,0.00,0.00,0.00,0.00,0.28,2.16,4.04,5.92,7.80,9.68,11.56,13.44,33.84,33.84,33.84,33.84,33.84
1981-04-18,0.00,0.00,0.00,0.00,0.00,0.00,0.00,0.37,2.25,4.13,6.01,7.89,9.77,11.65,13.53,33.93,33.93,33.93,33.93,33.93
1981-04-19,0.00,0.00,0.00,0.00,0.00,0.00,0.00,0.46,2.34,4.22,6.10,7.98,9.86,11.74,13.62,34.02,34.02,34.02,34.02,34.02
1981-04-20,0.00,0.00,0.00,0.00,0.00,0.00,0.00,0.55,2.43,4.31,6.19,8.07,9.95,11.83,13.71,34.11,34.11,34.11,34.11,34.11
1981-04-21,0.00,0.00,0.00,0.00,0.00,0.00,0.00,0.63,2.51,4.39,6.27,8.15,10.03,11.91,13.79,34.20,34.20,34.20,34.20,34.20
1981-04-22,0.00,0.00,0.00,0.00,0.00,0.00,0.00,0.71,2.59,4.48,6.36,8.24,10.12,12.00,13.88,34.28,34.28,34.28,34.28,34.28
1981-04-23,0.00,0.00,0.00,0.00,0.00,0.00,0.00,0.80,2.68,4.56,6.44,8.32,10.20,12.08,13.96,34.36,34.36,34.36,34.36,34.36
1981-04-24,0.00,0.00,0.00,0.00,0.00,0.00,0.00,0.27,2.15,4.03,5.91,7.79,9.67,11.55,13.43,33.84,33.84,33.84,33.84,33.84
1981-04-25,0.00,0.00,0.00,0.00,0.00,0.00,0.00,0.36,2.24,4.12,6.00,7.88,9.76,11.64,13.52,33.93,33.93,33.93,33.93,33.93
1981-04-26,0.00,0.00,0.00,0.00,0.00,0.00,0.00,0.45,2.33,4.21,6.09,7.97,9.85,11.73,13.61,34.02,34.02,34.02,34.02,34.02
1981-04-27,0.00,0.00,0.00,0.00,0.00,0.00,0.00,0.54,2.42,4.30,6.18,8.06,9.94,11.82,13.70,34.10,34.10,34.10,34.10,34.10
1981-04-28,0.00,0.00,0.00,0.00,0.00,0.00,0.00,0.62,2.50,4.38,6.26,8.14,10.02,11.90,13.78,34.19,34.19,34.19,34.19,34.19
1981-04-29,0.00,0.00,0.00,0.00,0.00,0.00,0.00,0.71,2.59,4.47,6.35,8.23,10.11,11.99,13.87,34.27,34.27,34.27,34.27,34.27
1981-04-30,0.00,0.00,0.00,0.00,0.00,0.00,0.00,0.79,2.67,4.55,6.43,8.31,10.19,12.07,13.95,34.36,34.36,34.36,34.36,34.36
1981-05-01,0.00,0.00,0.00,0.00,0.00,0.00,0.00,0.87,2.75,4.63,6.51,8.39,10.27,12.15,14.03,34.44,34.44,34.44,34.44,34.44
1981-05-02,0.00,0.00,0.00,0.00,0.00,0.00,0.00,0.63,2.51,4.39,6.27,8.15,10.03,11.91,13.79,34.19,34.19,34.19,34.19,34.19
1981-05-03,0.00,0.00,0.00,0.00,0.00,0.00,0.00,0.59,2.47,4.35,6.23,8.11,9.99,11.87,13.75,34.15,34.15,34.15,34.15,34.15
1981-05-04,0.00,0.00,0.00,0.00,0.00,0.00,0.00,0.67,2.55,4.43,6.31,8.19,10.07,11.95,13.83,34.24,34.24,34.24,34.24,34.24
1981-05-05,0.00,0.00,0.00,0.00,0.00,0.00,0.00,0.75,2.63,4.51,6.39,8.27,10.15,12.03,13.91,34.32,34.32,34.32,34.32,34.32
1981-05-06,0.00,0.00,0.00,0.00,0.00,0.00,0.00,0.83,2.71,4.60,6.48,8.36,10.24,12.12,14.00,34.40,34.40,34.40,34.40,34.40
1981-05-07,0.00,0.00,0.00,0.00,0.00,0.00,0.00,0.91,2.79,4.67,6.55,8.44,10.32,12.20,14.08,34.48,34.48,34.48,34.48,34.48
1981-05-08,0.00,0.00,0.00,0.00,0.00,0.00,0.00,0.99,2.87,4.75,6.63,8.51,10.39,12.27,14.15,34.56,34.56,34.56,34.56,34.56
1981-05-09,0.00,0.00,0.00,0.00,0.00,0.00,0.00,1.07,2.95,4.83,6.71,8.59,10.47,12.35,14.23,34.64,34.64,34.64,34.64,34.64
1981-05-10,0.00,0.00,0.00,0.00,0.00,0.00,0.00,1.14,3.02,4.90,6.78,8.66,10.54,12.43,14.31,34.71,34.71,34.71,34.71,34.71
1981-05-11,0.00,0.00,0.00,0.00,0.00,0.00,0.00,1.22,3.10,4.98,6.86,8.74,10.62,12.50,14.38,34.78,34.78,34.78,34.78,34.78
1981-05-12,0.00,0.00,0.00,0.00,0.00,0.00,0.00,0.00,0.00,0.08,1.96,3.84,5.72,7.60,9.48,29.88,29.88,29.88,29.88,29.88
1981-05-13,0.00,0.00,0.00,0.00,0.00,0.00,0.00,0.00,0.00,0.33,2.21,4.09,5.97,7.85,9.73,30.13,30.13,30.13,30.13,30.13
1981-05-14,0.00,0.00,0.00,0.00,0.00,0.00,0.00,0.00,0.00,0.56,2.44,4.32,6.20,8.08,9.96,30.36,30.36,30.36,30.36,30.36
1981-05-15,0.00,0.00,0.00,0.00,0.00,0.00,0.00,0.00,0.00,0.78,2.66,4.54,6.42,8.30,10.18,30.58,30.58,30.58,30.58,30.58
1981-05-16,0.00,0.00,0.00,0.00,0.00,0.00,0.00,0.00,0.00,0.00,0.87,2.75,4.63,6.51,8.39,28.80,28.80,28.80,28.80,28.80
1981-05-17,0.00,0.00,0.00,0.00,0.00,0.00,0.00,0.00,0.00,0.00,1.20,3.08,4.96,6.84,8.72,29.12,29.12,29.12,29.12,29.12
1981-05-18,0.00,0.00,0.00,0.00,0.00,0.00,0.00,0.00,0.00,0.00,1.50,3.38,5.26,7.14,9.02,29.42,29.42,29.42,29.42,29.42
1981-05-19,0.00,0.00,0.00,0.00,0.00,0.00,0.00,0.00,0.00,0.00,1.77,3.65,5.53,7.41,9.29,29.70,29.70,29.70,29.70,29.70
1981-05-20,0.00,0.00,0.00,0.00,0.00,0.00,0.00,0.00,0.00,0.15,2.03,3.91,5.79,7.67,9.55,29.96,29.96,29.96,29.96,29.96
1981-05-21,0.00,0.00,0.00,0.00,0.00,0.00,0.00,0.00,0.00,0.39,2.27,4.15,6.03,7.91,9.79,30.20,30.20,30.20,30.20,30.20
1981-05-22,0.00,0.00,0.00,0.00,0.00,0.00,0.00,0.00,0.00,0.62,2.50,4.38,6.26,8.14,10.02,30.43,30.43,30.43,30.43,30.43
1981-05-23,0.00,0.00,0.00,0.00,0.00,0.00,0.00,0.00,0.00,0.84,2.72,4.60,6.48,8.36,10.24,30.64,30.64,30.64,30.64,30.64
1981-05-24,0.00,0.00,0.00,0.00,0.00,0.00,0.00,0.00,0.00,1.04,2.92,4.80,6.68,8.56,10.44,30.85,30.85,30.85,30.85,30.85
1981-05-25,0.00,0.00,0.00,0.00,0.00,0.00,0.00,0.00,0.00,1.23,3.11,4.99,6.87,8.75,10.63,31.04,31.04,31.04,31.04,31.04
1981-05-26,0.00,0.00,0.00,0.00,0.00,0.00,0.00,0.00,0.00,1.42,3.30,5.18,7.06,8.94,10.82,31.22,31.22,31.22,31.22,31.22
1981-05-27,0.00,0.00,0.00,0.00,0.00,0.00,0.00,0.00,0.00,1.59,3.47,5.35,7.23,9.11,10.99,31.40,31.40,31.40,31.40,31.40
1981-05-28,0.00,0.00,0.00,0.00,0.00,0.00,0.00,0.00,0.00,1.76,3.64,5.52,7.40,9.28,11.16,31.57,31.57,31.57,31.57,31.57
1981-05-29,0.00,0.00,0.00,0.00,0.00,0.00,0.00,0.00,0.04,1.92,3.80,5.68,7.56,9.44,11.32,31.73,31.73,31.73,31.73,31.73
1981-05-30,0.00,0.00,0.00,0.00,0.00,0.00,0.00,0.00,0.20,2.08,3.96,5.84,7.72,9.60,11.48,31.89,31.89,31.89,31.89,31.89
1981-05-31,0.00,0.00,0.00,0.00,0.00,0.00,0.00,0.00,0.35,2.23,4.11,5.99,7.87,9.75,11.63,32.03,32.03,32.03,32.03,32.03
1981-06-01,0.00,0.00,0.00,0.00,0.00,0.00,0.00,0.00,0.49,2.37,4.25,6.13,8.01,9.89,11.77,32.18,32.18,32.18,32.18,32.18
1981-06-02,0.00,0.00,0.00,0.00,0.00,0.00,0.00,0.00,0.63,2.51,4.39,6.27,8.15,10.03,11.91,32.32,32.32,32.32,32.32,32.32
1981-06-03,0.00,0.00,0.00,0.00,0.00,0.00,0.00,0.00,0.00,1.85,3.73,5.61,7.49,9.37,11.25,31.65,31.65,31.65,31.65,31.65
1981-06-04,0.00,0.00,0.00,0.00,0.00,0.00,0.00,0.00,0.11,1.99,3.87,5.75,7.64,9.52,11.40,31.80,31.80,31.80,31.80,31.80
1981-06-05,0.00,0.00,0.00,0.00,0.00,0.00,0.00,0.00,0.27,2.15,4.03,5.91,7.79,9.67,11.55,31.95,31.95,31.95,31.95,31.95
1981-06-06,0.00,0.00,0.00,0.00,0.00,0.00,0.00,0.00,0.41,2.29,4.17,6.05,7.93,9.81,11.69,32.10,32.10,32.10,32.10,32.10
1981-06-07,0.00,0.00,0.00,0.00,0.00,0.00,0.00,0.00,0.56,2.44,4.32,6.20,8.08,9.96,11.84,32.24,32.24,32.24,32.24,32.24
1981-06-08,0.00,0.00,0.00,0.00,0.00,0.00,0.00,0.00,0.69,2.57,4.45,6.33,8.21,10.09,11.97,32.38,32.38,32.38,32.38,32.38
1981-06-09,0.00,0.00,0.00,0.00,0.00,0.00,0.00,0.00,0.82,2.70,4.58,6.46,8.34,10.23,12.11,32.51,32.51,32.51,32.51,32.51
1981-06-10,0.00,0.00,0.00,0.00,0.00,0.00,0.00,0.00,0.95,2.83,4.71,6.59,8.47,10.35,12.23,32.64,32.64,32.64,32.64,32.64
1981-06-11,0.00,0.00,0.00,0.00,0.00,0.00,0.00,0.00,1.08,2.96,4.84,6.72,8.60,10.48,12.36,32.76,32.76,32.76,32.76,32.76
1981-06-12,0.00,0.00,0.00,0.00,0.00,0.00,0.00,0.00,1.20,3.08,4.96,6.84,8.72,10.60,12.48,32.88,32.88,32.88,32.88,32.88
1981-06-13,0.00,0.00,0.00,0.00,0.00,0.00,0.00,0.00,1.31,3.19,5.07,6.95,8.83,10.71,12.59,33.00,33.00,33.00,33.00,33.00
1981-06-14,0.00,0.00,0.00,0.00,0.00,0.00,0.00,0.00,1.43,3.31,5.19,7.07,8.95,10.83,12.71,33.11,33.11,33.11,33.11,33.11
1981-06-15,0.00,0.00,0.00,0.00,0.00,0.00,0.00,0.00,0.80,2.68,4.56,6.45,8.33,10.21,12.09,32.49,32.49,32.49,32.49,32.49
1981-06-16,0.00,0.00,0.00,0.00,0.00,0.00,0.00,0.00,0.93,2.81,4.69,6.57,8.45,10.33,12.21,32.62,32.62,32.62,32.62,32.62
1981-06-17,0.00,0.00,0.00,0.00,0.00,0.00,0.00,0.00,1.06,2.94,4.82,6.70,8.58,10.46,12.34,32.74,32.74,32.74,32.74,32.74
1981-06-18,0.00,0.00,0.00,0.00,0.00,0.00,0.00,0.00,1.18,3.06,4.94,6.82,8.70,10.58,12.46,32.86,32.86,32.86,32.86,32.86
1981-06-19,0.00,0.00,0.00,0.00,0.00,0.00,0.00,0.00,1.30,3.18,5.06,6.94,8.82,10.70,12.58,32.98,32.98,32.98,32.98,32.98
1981-06-20,0.00,0.00,0.00,0.00,0.00,0.00,0.00,0.00,1.41,3.29,5.17,7.05,8.93,10.81,12.69,33.09,33.09,33.09,33.09,33.09
1981-06-21,0.00,0.00,0.00,0.00,0.00,0.00,0.00,0.00,1.16,3.04,4.92,6.80,8.68,10.56,12.44,32.85,32.85,32.85,32.85,32.85
1981-06-22,0.00,0.00,0.00,0.00,0.00,0.00,0.00,0.00,1.28,3.16,5.04,6.92,8.80,10.68,12.56,32.97,32.97,32.97,32.97,32.97
1981-06-23,0.00,0.00,0.00,0.00,0.00,0.00,0.00,0.00,1.39,3.27,5.15,7.03,8.91,10.79,12.67,33.08,33.08,33.08,33.08,33.08
1981-06-24,0.00,0.00,0.00,0.00,0.00,0.00,0.00,0.00,1.50,3.38,5.26,7.15,9.03,10.91,12.79,33.19,33.19,33.19,33.19,33.19
1981-06-25,0.00,0.00,0.00,0.00,0.00,0.00,0.00,0.00,1.61,3.49,5.37,7.25,9.13,11.01,12.89,33.30,33.30,33.30,33.30,33.30
1981-06-26,0.00,0.00,0.00,0.00,0.00,0.00,0.00,0.00,0.42,2.30,4.18,6.06,7.94,9.82,11.70,32.11,32.11,32.11,32.11,32.11
1981-06-27,0.00,0.00,0.00,0.00,0.00,0.00,0.00,0.00,0.56,2.44,4.32,6.20,8.08,9.96,11.84,32.25,32.25,32.25,32.25,32.25
1981-06-28,0.00,0.00,0.00,0.00,0.00,0.00,0.00,0.00,0.70,2.58,4.46,6.34,8.22,10.10,11.98,32.38,32.38,32.38,32.38,32.38
1981-06-29,0.00,0.00,0.00,0.00,0.00,0.00,0.00,0.00,0.83,2.71,4.59,6.47,8.35,10.23,12.11,32.52,32.52,32.52,32.52,32.52
1981-06-30,0.00,0.00,0.00,0.00,0.00,0.00,0.00,0.00,0.96,2.84,4.72,6.60,8.48,10.36,12.24,32.64,32.64,32.64,32.64,32.64
1981-07-01,0.00,0.00,0.00,0.00,0.00,0.00,0.00,0.00,1.08,2.96,4.84,6.72,8.60,10.48,12.36,32.77,32.77,32.77,32.77,32.77
1981-07-02,0.00,0.00,0.00,0.00,0.00,0.00,0.00,0.00,0.86,2.74,4.62,6.50,8.38,10.26,12.14,32.54,32.54,32.54,32.54,32.54
1981-07-03,0.00,0.00,0.00,0.00,0.00,0.00,0.00,0.00,0.98,2.86,4.74,6.62,8.50,10.38,12.26,32.67,32.67,32.67,32.67,32.67
1981-07-04,0.00,0.00,0.00,0.00,0.00,0.00,0.00,0.00,1.11,2.99,4.87,6.75,8.63,10.51,12.39,32.79,32.79,32.79,32.79,32.79
1981-07-05,0.00,0.00,0.00,0.00,0.00,0.00,0.00,0.00,0.30,2.18,4.06,5.94,7.82,9.70,11.58,31.99,31.99,31.99,31.99,31.99
1981-07-06,0.00,0.00,0.00,0.00,0.00,0.00,0.00,0.00,0.45,2.33,4.21,6.09,7.97,9.85,11.73,32.13,32.13,32.13,32.13,32.13
1981-07-07,0.00,0.00,0.00,0.00,0.00,0.00,0.00,0.00,0.59,2.47,4.35,6.23,8.11,9.99,11.87,32.27,32.27,32.27,32.27,32.27
1981-07-08,0.00,0.00,0.00,0.00,0.00,0.00,0.00,0.00,0.72,2.60,4.48,6.36,8.24,10.12,12.00,32.41,32.41,32.41,32.41,32.41
1981-07-09,0.00,0.00,0.00,0.00,0.00,0.00,0.00,0.00,0.85,2.73,4.61,6.49,8.37,10.25,12.13,32.54,32.54,32.54,32.54,32.54
1981-07-10,0.00,0.00,0.00,0.00,0.00,0.00,0.00,0.00,0.98,2.86,4.74,6.62,8.50,10.38,12.26,32.67,32.67,32.67,32.67,32.67
1981-07-11,0.00,0.00,0.00,0.00,0.00,0.00,0.00,0.00,1.10,2.98,4.86,6.74,8.62,10.50,12.38,32.79,32.79,32.79,32.79,32.79
1981-07-12,0.00,0.00,0.00,0.00,0.00,0.00,0.00,0.00,1.22,3.10,4.98,6.86,8.74,10.62,12.50,32.91,32.91,32.91,32.91,32.91
1981-07-13,0.00,0.00,0.00,0.00,0.00,0.00,0.00,0.00,1.34,3.22,5.10,6.98,8.86,10.74,12.62,33.02,33.02,33.02,33.02,33.02
1981-07-14,0.00,0.00,0.00,0.00,0.00,0.00,0.00,0.00,0.67,2.55,4.43,6.31,8.19,10.07,11.95,32.36,32.36,32.36,32.36,32.36
1981-07-15,0.00,0.00,0.00,0.00,0.00,0.00,0.00,0.00,0.80,2.68,4.56,6.44,8.32,10.20,12.08,32.49,32.49,32.49,32.49,32.49
1981-07-16,0.00,0.00,0.00,0.00,0.00,0.00,0.00,0.00,0.93,2.81,4.69,6.57,8.45,10.33,12.21,32.62,32.62,32.62,32.62,32.62
1981-07-17,0.00,0.00,0.00,0.00,0.00,0.00,0.00,0.00,1.06,2.94,4.82,6.70,8.58,10.46,12.34,32.74,32.74,32.74,32.74,32.74
1981-07-18,0.00,0.00,0.00,0.00,0.00,0.00,0.00,0.00,1.18,3.06,4.94,6.82,8.70,10.58,12.46,32.86,32.86,32.86,32.86,32.86
1981-07-19,0.00,0.00,0.00,0.00,0.00,0.00,0.00,0.00,1.29,3.17,5.05,6.93,8.81,10.69,12.57,32.98,32.98,32.98,32.98,32.98
1981-07-20,0.00,0.00,0.00,0.00,0.00,0.00,0.00,0.00,1.41,3.29,5.17,7.05,8.93,10.81,12.69,33.09,33.09,33.09,33.09,33.09
1981-07-21,0.00,0.00,0.00,0.00,0.00,0.00,0.00,0.00,0.76,2.64,4.52,6.40,8.28,10.16,12.04,32.45,32.45,32.45,32.45,32.45
1981-07-22,0.00,0.00,0.00,0.00,0.00,0.00,0.00,0.00,0.88,2.76,4.64,6.52,8.40,10.28,12.16,32.56,32.56,32.56,32.56,32.56
1981-07-23,0.00,0.00,0.00,0.00,0.00,0.00,0.00,0.00,1.00,2.88,4.76,6.64,8.52,10.40,12.28,32.69,32.69,32.69,32.69,32.69
1981-07-24,0.00,0.00,0.00,0.00,0.00,0.00,0.00,0.00,1.12,3.00,4.88,6.77,8.65,10.53,12.41,32.81,32.81,32.81,32.81,32.81
1981-07-25,0.00,0.00,0.00,0.00,0.00,0.00,0.00,0.00,1.24,3.12,5.00,6.88,8.76,10.64,12.52,32.93,32.93,32.93,32.93,32.93
1981-07-26,0.00,0.00,0.00,0.00,0.00,0.00,0.00,0.00,1.36,3.24,5.12,7.00,8.88,10.76,12.64,33.04,33.04,33.04,33.04,33.04
1981-07-27,0.00,0.00,0.00,0.00,0.00,0.00,0.00,0.00,1.47,3.35,5.23,7.11,8.99,10.87,12.75,33.16,33.16,33.16,33.16,33.16
1981-07-28,0.00,0.00,0.00,0.00,0.00,0.00,0.00,0.00,0.56,2.44,4.32,6.20,8.08,9.96,11.84,32.25,32.25,32.25,32.25,32.25
1981-07-29,0.00,0.00,0.00,0.00,0.00,0.00,0.00,0.00,0.70,2.58,4.46,6.34,8.22,10.10,11.98,32.38,32.38,32.38,32.38,32.38
1981-07-30,0.00,0.00,0.00,0.00,0.00,0.00,0.00,0.00,0.64,2.52,4.40,6.28,8.16,10.04,11.92,32.32,32.32,32.32,32.32,32.32
1981-07-31,0.00,0.00,0.00,0.00,0.00,0.00,0.00,0.00,0.77,2.65,4.53,6.41,8.29,10.17,12.05,32.46,32.46,32.46,32.46,32.46
1981-08-01,0.00,0.00,0.00,0.00,0.00,0.00,0.00,0.00,0.90,2.78,4.66,6.54,8.42,10.30,12.18,32.59,32.59,32.59,32.59,32.59
1981-08-02,0.00,0.00,0.00,0.00,0.00,0.00,0.00,0.00,1.02,2.90,4.79,6.67,8.55,10.43,12.31,32.71,32.71,32.71,32.71,32.71
1981-08-03,0.00,0.00,0.00,0.00,0.00,0.00,0.00,0.00,1.15,3.03,4.91,6.79,8.67,10.55,12.43,32.83,32.83,32.83,32.83,32.83
1981-08-04,0.00,0.00,0.00,0.00,0.00,0.00,0.00,0.00,1.26,3.14,5.02,6.90,8.78,10.66,12.55,32.95,32.95,32.95,32.95,32.95
1981-08-05,0.00,0.00,0.00,0.00,0.00,0.00,0.00,0.00,1.38,3.26,5.14,7.02,8.90,10.78,12.66,33.06,33.06,33.06,33.06,33.06
1981-08-06,0.00,0.00,0.00,0.00,0.00,0.00,0.00,0.00,0.86,2.74,4.62,6.50,8.38,10.26,12.14,32.55,32.55,32.55,32.55,32.55
1981-08-07,0.00,0.00,0.00,0.00,0.00,0.00,0.00,0.00,0.99,2.87,4.75,6.63,8.51,10.39,12.27,32.68,32.68,32.68,32.68,32.68
1981-08-08,0.00,0.00,0.00,0.00,0.00,0.00,0.00,0.00,1.11,2.99,4.87,6.75,8.63,10.51,12.39,32.80,32.80,32.80,32.80,32.80
1981-08-09,0.00,0.00,0.00,0.00,0.00,0.00,0.00,0.00,0.10,1.98,3.86,5.74,7.62,9.50,11.38,31.78,31.78,31.78,31.78,31.78
1981-08-10,0.00,0.00,0.00,0.00,0.00,0.00,0.00,0.00,0.25,2.13,4.01,5.89,7.77,9.65,11.53,31.94,31.94,31.94,31.94,31.94
1981-08-11,0.00,0.00,0.00,0.00,0.00,0.00,0.00,0.00,0.40,2.28,4.16,6.04,7.92,9.80,11.68,32.08,32.08,32.08,32.08,32.08
1981-08-12,0.00,0.00,0.00,0.00,0.00,0.00,0.00,0.00,0.54,2.42,4.30,6.18,8.06,9.94,11.82,32.23,32.23,32.23,32.23,32.23
1981-08-13,0.00,0.00,0.00,0.00,0.00,0.00,0.00,0.00,0.68,2.56,4.44,6.32,8.20,10.08,11.96,32.36,32.36,32.36,32.36,32.36
1981-08-14,0.00,0.00,0.00,0.00,0.00,0.00,0.00,0.00,0.81,2.69,4.57,6.45,8.33,10.21,12.09,32.50,32.50,32.50,32.50,32.50
1981-08-15,0.00,0.00,0.00,0.00,0.00,0.00,0.00,0.00,0.94,2.82,4.70,6.58,8.46,10.34,12.22,32.62,32.62,32.62,32.62,32.62
1981-08-16,0.00,0.00,0.00,0.00,0.00,0.00,0.00,0.00,1.06,2.94,4.82,6.70,8.58,10.46,12.34,32.75,32.75,32.75,32.75,32.75
1981-08-17,0.00,0.00,0.00,0.00,0.00,0.00,0.00,0.00,1.18,3.06,4.94,6.82,8.70,10.58,12.46,32.87,32.87,32.87,32.87,32.87
1981-08-18,0.00,0.00,0.00,0.00,0.00,0.00,0.00,0.00,1.30,3.18,5.06,6.94,8.82,10.70,12.58,32.99,32.99,32.99,32.99,32.99
1981-08-19,0.00,0.00,0.00,0.00,0.00,0.00,0.00,0.00,1.41,3.29,5.17,7.05,8.93,10.81,12.69,33.10,33.10,33.10,33.10,33.10
1981-08-20,0.00,0.00,0.00,0.00,0.00,0.00,0.00,0.00,1.52,3.40,5.28,7.16,9.04,10.92,12.80,33.21,33.21,33.21,33.21,33.21
1981-08-21,0.00,0.00,0.00,0.00,0.00,0.00,0.00,0.00,1.63,3.51,5.39,7.27,9.15,11.03,12.91,33.32,33.32,33.32,33.32,33.32
1981-08-22,0.00,0.00,0.00,0.00,0.00,0.00,0.00,0.00,1.73,3.61,5.49,7.38,9.26,11.14,13.02,33.42,33.42,33.42,33.42,33.42
1981-08-23,0.00,0.00,0.00,0.00,0.00,0.00,0.00,0.00,1.84,3.72,5.60,7.48,9.36,11.24,13.12,33.52,33.52,33.52,33.52,33.52
1981-08-24,0.00,0.00,0.00,0.00,0.00,0.00,0.00,0.06,1.94,3.82,5.70,7.58,9.46,11.34,13.22,33.62,33.62,33.62,33.62,33.62
1981-08-25,0.00,0.00,0.00,0.00,0.00,0.00,0.00,0.15,2.03,3.91,5.79,7.67,9.55,11.43,13.31,33.72,33.72,33.72,33.72,33.72
1981-08-26,0.00,0.00,0.00,0.00,0.00,0.00,0.00,0.25,2.13,4.01,5.89,7.77,9.65,11.53,13.41,33.81,33.81,33.81,33.81,33.81
1981-08-27,0.00,0.00,0.00,0.00,0.00,0.00,0.00,0.34,2.22,4.10,5.98,7.86,9.74,11.62,13.50,33.91,33.91,33.91,33.91,33.91
1981-08-28,0.00,0.00,0.00,0.00,0.00,0.00,0.00,0.43,2.31,4.19,6.07,7.95,9.83,11.71,13.59,34.00,34.00,34.00,34.00,34.00
1981-08-29,0.00,0.00,0.00,0.00,0.00,0.00,0.00,0.52,2.40,4.28,6.16,8.04,9.92,11.80,13.68,34.08,34.08,34.08,34.08,34.08
1981-08-30,0.00,0.00,0.00,0.00,0.00,0.00,0.00,0.60,2.48,4.36,6.24,8.12,10.00,11.88,13.76,34.17,34.17,34.17,34.17,34.17
1981-08-31,0.00,0.00,0.00,0.00,0.00,0.00,0.00,0.69,2.57,4.45,6.33,8.21,10.09,11.97,13.85,34.25,34.25,34.25,34.25,34.25
1981-09-01,0.00,0.00,0.00,0.00,0.00,0.00,0.00,0.77,2.65,4.53,6.41,8.29,10.17,12.05,13.93,34.34,34.34,34.34,34.34,34.34
1981-09-02,0.00,0.00,0.00,0.00,0.00,0.00,0.00,0.85,2.73,4.61,6.49,8.37,10.25,12.13,14.01,34.42,34.42,34.42,34.42,34.42
1981-09-03,0.00,0.00,0.00,0.00,0.00,0.00,0.00,0.93,2.81,4.69,6.57,8.45,10.33,12.21,14.09,34.50,34.50,34.50,34.50,34.50
1981-09-04,0.00,0.00,0.00,0.00,0.00,0.00,0.00,1.01,2.89,4.77,6.65,8.53,10.41,12.29,14.17,34.57,34.57,34.57,34.57,34.57
1981-09-05,0.00,0.00,0.00,0.00,0.00,0.00,0.00,1.08,2.97,4.85,6.73,8.61,10.49,12.37,14.25,34.65,34.65,34.65,34.65,34.65
1981-09-06,0.00,0.00,0.00,0.00,0.00,0.00,0.00,1.16,3.04,4.92,6.80,8.68,10.56,12.44,14.32,34.73,34.73,34.73,34.73,34.73
1981-09-07,0.00,0.00,0.00,0.00,0.00,0.00,0.00,1.23,3.11,4.99,6.87,8.75,10.63,12.51,14.39,34.80,34.80,34.80,34.80,34.80
1981-09-08,0.00,0.00,0.00,0.00,0.00,0.00,0.00,1.31,3.19,5.07,6.95,8.83,10.71,12.59,14.47,34.87,34.87,34.87,34.87,34.87
1981-09-09,0.00,0.00,0.00,0.00,0.00,0.00,0.00,0.20,2.08,3.96,5.84,7.72,9.60,11.48,13.36,33.76,33.76,33.76,33.76,33.76
1981-09-10,0.00,0.00,0.00,0.00,0.00,0.00,0.00,0.29,2.17,4.05,5.93,7.81,9.69,11.57,13.45,33.86,33.86,33.86,33.86,33.86
1981-09-11,0.00,0.00,0.00,0.00,0.00,0.00,0.00,0.38,2.26,4.14,6.02,7.90,9.78,11.66,13.54,33.95,33.95,33.95,33.95,33.95
1981-09-12,0.00,0.00,0.00,0.00,0.00,0.00,0.00,0.47,2.35,4.23,6.11,7.99,9.87,11.75,13.63,34.04,34.04,34.04,34.04,34.04
1981-09-13,0.00,0.00,0.00,0.00,0.00,0.00,0.00,0.56,2.44,4.32,6.20,8.08,9.96,11.84,13.72,34.13,34.13,34.13,34.13,34.13
1981-09-14,0.00,0.00,0.00,0.00,0.00,0.00,0.00,0.64,2.52,4.40,6.29,8.17,10.05,11.93,13.81,34.21,34.21,34.21,34.21,34.21
1981-09-15,0.00,0.00,0.00,0.00,0.00,0.00,0.00,0.73,2.61,4.49,6.37,8.25,10.13,12.01,13.89,34.29,34.29,34.29,34.29,34.29
1981-09-16,0.00,0.00,0.00,0.00,0.00,0.00,0.00,0.00,1.83,3.71,5.59,7.47,9.35,11.23,13.11,33.51,33.51,33.51,33.51,33.51
1981-09-17,0.00,0.00,0.00,0.00,0.00,0.00,0.00,0.00,1.17,3.05,4.93,6.81,8.69,10.57,12.45,32.85,32.85,32.85,32.85,32.85
1981-09-18,0.00,0.00,0.00,0.00,0.00,0.00,0.00,0.00,1.28,3.16,5.04,6.92,8.80,10.68,12.56,32.97,32.97,32.97,32.97,32.97
1981-09-19,0.00,0.00,0.00,0.00,0.00,0.00,0.00,0.00,1.40,3.28,5.16,7.04,8.92,10.80,12.68,33.08,33.08,33.08,33.08,33.08
1981-09-20,0.00,0.00,0.00,0.00,0.00,0.00,0.00,0.00,1.51,3.39,5.27,7.15,9.03,10.91,12.79,33.19,33.19,33.19,33.19,33.19
1981-09-21,0.00,0.00,0.00,0.00,0.00,0.00,0.00,0.00,1.62,3.50,5.38,7.26,9.14,11.02,12.90,33.30,33.30,33.30,33.30,33.30
1981-09-22,0.00,0.00,0.00,0.00,0.00,0.00,0.00,0.00,1.72,3.60,5.48,7.36,9.24,11.12,13.00,33.41,33.41,33.41,33.41,33.41
1981-09-23,0.00,0.00,0.00,0.00,0.00,0.00,0.00,0.00,1.82,3.70,5.58,7.46,9.34,11.22,13.10,33.51,33.51,33.51,33.51,33.51
1981-09-24,0.00,0.00,0.00,0.00,0.00,0.00,0.00,0.04,1.92,3.80,5.68,7.56,9.44,11.32,13.20,33.61,33.61,33.61,33.61,33.61
1981-09-25,0.00,0.00,0.00,0.00,0.00,0.00,0.00,0.14,2.02,3.90,5.78,7.66,9.54,11.42,13.30,33.71,33.71,33.71,33.71,33.71
1981-09-26,0.00,0.00,0.00,0.00,0.00,0.00,0.00,0.23,2.11,3.99,5.88,7.76,9.64,11.52,13.40,33.80,33.80,33.80,33.80,33.80
1981-09-27,0.00,0.00,0.00,0.00,0.00,0.00,0.00,0.33,2.21,4.09,5.97,7.85,9.73,11.61,13.49,33.89,33.89,33.89,33.89,33.89
1981-09-28,0.00,0.00,0.00,0.00,0.00,0.00,0.00,0.42,2.30,4.18,6.06,7.94,9.82,11.70,13.58,33.98,33.98,33.98,33.98,33.98
1981-09-29,0.00,0.00,0.00,0.00,0.00,0.00,0.00,0.51,2.39,4.27,6.15,8.03,9.91,11.79,13.67,34.07,34.07,34.07,34.07,34.07
1981-09-30,0.00,0.00,0.00,0.00,0.00,0.00,0.00,0.59,2.47,4.35,6.23,8.11,9.99,11.87,13.75,34.16,34.16,34.16,34.16,34.16
1981-10-01,0.00,0.00,0.00,0.00,0.00,0.00,0.00,0.68,2.56,4.44,6.32,8.20,10.08,11.96,13.84,34.24,34.24,34.24,34.24,34.24
1981-10-02,0.00,0.00,0.00,0.00,0.00,0.00,0.00,0.00,1.64,3.52,5.40,7.28,9.16,11.04,12.92,33.33,33.33,33.33,33.33,33.33
1981-10-03,0.00,0.00,0.00,0.00,0.00,0.00,0.00,0.00,1.73,3.61,5.49,7.37,9.25,11.13,13.01,33.41,33.41,33.41,33.41,33.41
1981-10-04,0.00,0.00,0.00,0.00,0.00,0.00,0.00,0.00,1.83,3.71,5.59,7.47,9.35,11.23,13.11,33.51,33.51,33.51,33.51,33.51
1981-10-05,0.00,0.00,0.00,0.00,0.00,0.00,0.00,0.05,1.93,3.81,5.69,7.57,9.45,11.33,13.21,33.61,33.61,33.61,33.61,33.61
1981-10-06,0.00,0.00,0.00,0.00,0.00,0.00,0.00,0.14,2.02,3.91,5.79,7.67,9.55,11.43,13.31,33.71,33.71,33.71,33.71,33.71
1981-10-07,0.00,0.00,0.00,0.00,0.00,0.00,0.00,0.00,1.76,3.64,5.52,7.40,9.28,11.16,13.04,33.45,33.45,33.45,33.45,33.45
1981-10-08,0.00,0.00,0.00,0.00,0.00,0.00,0.00,0.00,1.86,3.74,5.62,7.50,9.38,11.26,13.14,33.55,33.55,33.55,33.55,33.55
1981-10-09,0.00,0.00,0.00,0.00,0.00,0.00,0.00,0.08,1.96,3.84,5.72,7.60,9.48,11.36,13.24,33.65,33.65,33.65,33.65,33.65
1981-10-10,0.00,0.00,0.00,0.00,0.00,0.00,0.00,0.18,2.06,3.94,5.82,7.70,9.58,11.46,13.34,33.74,33.74,33.74,33.74,33.74
1981-10-11,0.00,0.00,0.00,0.00,0.00,0.00,0.00,0.27,2.15,4.03,5.91,7.79,9.67,11.55,13.43,33.84,33.84,33.84,33.84,33.84
1981-10-12,0.00,0.00,0.00,0.00,0.00,0.00,0.00,0.36,2.24,4.12,6.00,7.88,9.76,11.64,13.52,33.93,33.93,33.93,33.93,33.93
1981-10-13,0.00,0.00,0.00,0.00,0.00,0.00,0.00,0.45,2.33,4.21,6.09,7.97,9.85,11.73,13.61,34.02,34.02,34.02,34.02,34.02
1981-10-14,0.00,0.00,0.00,0.00,0.00,0.00,0.00,0.54,2.42,4.30,6.18,8.06,9.94,11.82,13.70,34.11,34.11,34.11,34.11,34.11
1981-10-15,0.00,0.00,0.00,0.00,0.00,0.00,0.00,0.63,2.51,4.39,6.27,8.15,10.03,11.91,13.79,34.19,34.19,34.19,34.19,34.19
1981-10-16,0.00,0.00,0.00,0.00,0.00,0.00,0.00,0.71,2.59,4.47,6.35,8.23,10.11,11.99,13.87,34.28,34.28,34.28,34.28,34.28
1981-10-17,0.00,0.00,0.00,0.00,0.00,0.00,0.00,0.79,2.67,4.55,6.43,8.31,10.19,12.07,13.95,34.36,34.36,34.36,34.36,34.36
1981-10-18,0.00,0.00,0.00,0.00,0.00,0.00,0.00,0.87,2.75,4.63,6.51,8.39,10.27,12.15,14.03,34.44,34.44,34.44,34.44,34.44
1981-10-19,0.00,0.00,0.00,0.00,0.00,0.00,0.00,0.04,1.92,3.80,5.68,7.56,9.44,11.32,13.20,33.60,33.60,33.60,33.60,33.60
1981-10-20,0.00,0.00,0.00,0.00,0.00,0.00,0.00,0.13,2.01,3.90,5.78,7.66,9.54,11.42,13.30,33.70,33.70,33.70,33.70,33.70
1981-10-21,0.00,0.00,0.00,0.00,0.00,0.00,0.00,0.23,2.11,3.99,5.87,7.75,9.63,11.51,13.39,33.80,33.80,33.80,33.80,33.80
1981-10-22,0.00,0.00,0.00,0.00,0.00,0.00,0.00,0.32,2.20,4.08,5.96,7.84,9.72,11.60,13.48,33.89,33.89,33.89,33.89,33.89
1981-10-23,0.00,0.00,0.00,0.00,0.00,0.00,0.00,0.41,2.29,4.17,6.05,7.93,9.81,11.69,13.57,33.98,33.98,33.98,33.98,33.98
1981-10-24,0.00,0.00,0.00,0.00,0.00,0.00,0.00,0.10,1.98,3.86,5.74,7.62,9.50,11.38,13.26,33.67,33.67,33.67,33.67,33.67
1981-10-25,0.00,0.00,0.00,0.00,0.00,0.00,0.00,0.20,2.08,3.96,5.84,7.72,9.60,11.48,13.36,33.76,33.76,33.76,33.76,33.76
1981-10-26,0.00,0.00,0.00,0.00,0.00,0.00,0.00,0.29,2.17,4.05,5.93,7.81,9.69,11.57,13.45,33.86,33.86,33.86,33.86,33.86
1981-10-27,0.00,0.00,0.00,0.00,0.00,0.00,0.00,0.00,1.38,3.26,5.14,7.02,8.90,10.78,12.66,33.07,33.07,33.07,33.07,33.07
1981-10-28,0.00,0.00,0.00,0.00,0.00,0.00,0.00,0.00,0.68,2.56,4.44,6.32,8.20,10.08,11.96,32.37,32.37,32.37,32.37,32.37
1981-10-29,0.00,0.00,0.00,0.00,0.00,0.00,0.00,0.00,0.81,2.69,4.57,6.45,8.33,10.21,12.09,32.50,32.50,32.50,32.50,32.50
1981-10-30,0.00,0.00,0.00,0.00,0.00,0.00,0.00,0.00,0.94,2.82,4.70,6.58,8.46,10.34,12.22,32.63,32.63,32.63,32.63,32.63
1981-10-31,0.00,0.00,0.00,0.00,0.00,0.00,0.00,0.00,1.07,2.95,4.83,6.71,8.59,10.47,12.35,32.75,32.75,32.75,32.75,32.75
1981-11-01,0.00,0.00,0.00,0.00,0.00,0.00,0.00,0.00,1.19,3.07,4.95,6.83,8.71,10.59,12.47,32.87,32.87,32.87,32.87,32.87
1981-11-02,0.00,0.00,0.00,0.00,0.00,0.00,0.00,0.00,1.30,3.18,5.06,6.94,8.82,10.70,12.58,32.99,32.99,32.99,32.99,32.99
1981-11-03,0.00,0.00,0.00,0.00,0.00,0.00,0.00,0.00,1.42,3.30,5.18,7.06,8.94,10.82,12.70,33.10,33.10,33.10,33.10,33.10
1981-11-04,0.00,0.00,0.00,0.00,0.00,0.00,0.00,0.00,1.53,3.41,5.29,7.17,9.05,10.93,12.81,33.21,33.21,33.21,33.21,33.21
1981-11-05,0.00,0.00,0.00,0.00,0.00,0.00,0.00,0.00,1.63,3.51,5.39,7.27,9.15,11.03,12.91,33.32,33.32,33.32,33.32,33.32
1981-11-06,0.00,0.00,0.00,0.00,0.00,0.00,0.00,0.00,1.74,3.62,5.50,7.38,9.26,11.14,13.02,33.42,33.42,33.42,33.42,33.42
1981-11-07,0.00,0.00,0.00,0.00,0.00,0.00,0.00,0.00,0.79,2.67,4.55,6.43,8.31,10.19,12.07,32.48,32.48,32.48,32.48,32.48
1981-11-08,0.00,0.00,0.00,0.00,0.00,0.00,0.00,0.00,0.92,2.80,4.68,6.56,8.44,10.32,12.20,32.61,32.61,32.61,32.61,32.61
1981-11-09,0.00,0.00,0.00,0.00,0.00,0.00,0.00,0.00,1.04,2.92,4.80,6.69,8.57,10.45,12.33,32.73,32.73,32.73,32.73,32.73
1981-11-10,0.00,0.00,0.00,0.00,0.00,0.00,0.00,0.00,1.17,3.05,4.93,6.81,8.69,10.57,12.45,32.85,32.85,32.85,32.85,32.85
1981-11-11,0.00,0.00,0.00,0.00,0.00,0.00,0.00,0.00,1.28,3.16,5.04,6.92,8.80,10.68,12.56,32.97,32.97,32.97,32.97,32.97
1981-11-12,0.00,0.00,0.00,0.00,0.00,0.00,0.00,0.00,1.40,3.28,5.16,7.04,8.92,10.80,12.68,33.08,33.08,33.08,33.08,33.08
1981-11-13,0.00,0.00,0.00,0.00,0.00,0.00,0.00,0.00,1.51,3.39,5.27,7.15,9.03,10.91,12.79,33.19,33.19,33.19,33.19,33.19
1981-11-14,0.00,0.00,0.00,0.00,0.00,0.00,0.00,0.00,1.62,3.50,5.38,7.26,9.14,11.02,12.90,33.30,33.30,33.30,33.30,33.30
1981-11-15,0.00,0.00,0.00,0.00,0.00,0.00,0.00,0.00,1.72,3.60,5.48,7.36,9.24,11.12,13.00,33.41,33.41,33.41,33.41,33.41
1981-11-16,0.00,0.00,0.00,0.00,0.00,0.00,0.00,0.00,0.95,2.83,4.71,6.59,8.47,10.35,12.23,32.63,32.63,32.63,32.63,32.63
1981-11-17,0.00,0.00,0.00,0.00,0.00,0.00,0.00,0.00,1.07,2.95,4.83,6.71,8.59,10.47,12.35,32.76,32.76,32.76,32.76,32.76
1981-11-18,0.00,0.00,0.00,0.00,0.00,0.00,0.00,0.00,1.19,3.07,4.95,6.83,8.71,10.59,12.47,32.88,32.88,32.88,32.88,32.88
1981-11-19,0.00,0.00,0.00,0.00,0.00,0.00,0.00,0.00,1.08,2.96,4.84,6.72,8.60,10.48,12.36,32.76,32.76,32.76,32.76,32.76
1981-11-20,0.00,0.00,0.00,0.00,0.00,0.00,0.00,0.00,1.20,3.08,4.96,6.84,8.72,10.60,12.48,32.88,32.88,32.88,32.88,32.88
1981-11-21,0.00,0.00,0.00,0.00,0.00,0.00,0.00,0.00,0.00,1.56,3.44,5.32,7.20,9.08,10.96,31.37,31.37,31.37,31.37,31.37
1981-11-22,0.00,0.00,0.00,0.00,0.00,0.00,0.00,0.00,0.00,1.73,3.61,5.49,7.37,9.25,11.13,31.53,31.53,31.53,31.53,31.53
1981-11-23,0.00,0.00,0.00,0.00,0.00,0.00,0.00,0.00,0.01,1.89,3.77,5.65,7.53,9.41,11.29,31.69,31.69,31.69,31.69,31.69
1981-11-24,0.00,0.00,0.00,0.00,0.00,0.00,0.00,0.00,0.17,2.05,3.93,5.81,7.69,9.57,11.45,31.85,31.85,31.85,31.85,31.85
1981-11-25,0.00,0.00,0.00,0.00,0.00,0.00,0.00,0.00,0.32,2.20,4.08,5.96,7.84,9.72,11.60,32.00,32.00,32.00,32.00,32.00
1981-11-26,0.00,0.00,0.00,0.00,0.00,0.00,0.00,0.00,0.46,2.34,4.22,6.10,7.98,9.86,11.74,32.15,32.15,32.15,32.15,32.15
1981-11-27,0.00,0.00,0.00,0.00,0.00,0.00,0.00,0.00,0.60,2.48,4.36,6.24,8.12,10.00,11.88,32.29,32.29,32.29,32.29,32.29
1981-11-28,0.00,0.00,0.00,0.00,0.00,0.00,0.00,0.00,0.74,2.62,4.50,6.38,8.26,10.14,12.02,32.42,32.42,32.42,32.42,32.42
1981-11-29,0.00,0.00,0.00,0.00,0.00,0.00,0.00,0.00,0.87,2.75,4.63,6.51,8.39,10.27,12.15,32.55,32.55,32.55,32.55,32.55
1981-11-30,0.00,0.00,0.00,0.00,0.00,0.00,0.00,0.00,0.99,2.87,4.75,6.63,8.51,10.39,12.27,32.68,32.68,32.68,32.68,32.68
1981-12-01,0.00,0.00,0.00,0.00,0.00,0.00,0.00,0.00,1.12,3.00,4.88,6.76,8.64,10.52,12.40,32.80,32.80,32.80,32.80,32.80
1981-12-02,0.00,0.00,0.00,0.00,0.00,0.00,0.00,0.00,1.23,3.11,4.99,6.88,8.76,10.64,12.52,32.92,32.92,32.92,32.92,32.92
1981-12-03,0.00,0.00,0.00,0.00,0.00,0.00,0.00,0.00,0.63,2.51,4.39,6.27,8.15,10.03,11.91,32.32,32.32,32.32,32.32,32.32
1981-12-04,0.00,0.00,0.00,0.00,0.00,0.00,0.00,0.00,0.76,2.64,4.52,6.40,8.28,10.16,12.04,32.45,32.45,32.45,32.45,32.45
1981-12-05,0.00,0.00,0.00,0.00,0.00,0.00,0.00,0.00,0.89,2.77,4.65,6.53,8.41,10.29,12.17,32.58,32.58,32.58,32.58,32.58
1981-12-06,0.00,0.00,0.00,0.00,0.00,0.00,0.00,0.00,1.02,2.90,4.78,6.66,8.54,10.42,12.30,32.70,32.70,32.70,32.70,32.70
1981-12-07,0.00,0.00,0.00,0.00,0.00,0.00,0.00,0.00,1.14,3.02,4.90,6.78,8.66,10.54,12.42,32.82,32.82,32.82,32.82,32.82
1981-12-08,0.00,0.00,0.00,0.00,0.00,0.00,0.00,0.00,1.26,3.14,5.02,6.90,8.78,10.66,12.54,32.94,32.94,32.94,32.94,32.94
1981-12-09,0.00,0.00,0.00,0.00,0.00,0.00,0.00,0.00,0.80,2.68,4.56,6.44,8.33,10.21,12.09,32.49,32.49,32.49,32.49,32.49
1981-12-10,0.00,0.00,0.00,0.00,0.00,0.00,0.00,0.00,0.93,2.81,4.69,6.57,8.45,10.33,12.21,32.62,32.62,32.62,32.62,32.62
1981-12-11,0.00,0.00,0.00,0.00,0.00,0.00,0.00,0.00,1.06,2.94,4.82,6.70,8.58,10.46,12.34,32.74,32.74,32.74,32.74,32.74
1981-12-12,0.00,0.00,0.00,0.00,0.00,0.00,0.00,0.00,1.18,3.06,4.94,6.82,8.70,10.58,12.46,32.86,32.86,32.86,32.86,32.86
1981-12-13,0.00,0.00,0.00,0.00,0.00,0.00,0.00,0.00,1.29,3.17,5.05,6.93,8.81,10.70,12.58,32.98,32.98,32.98,32.98,32.98
1981-12-14,0.00,0.00,0.00,0.00,0.00,0.00,0.00,0.00,1.41,3.29,5.17,7.05,8.93,10.81,12.69,33.09,33.09,33.09,33.09,33.09
1981-12-15,0.00,0.00,0.00,0.00,0.00,0.00,0.00,0.00,1.52,3.40,5.28,7.16,9.04,10.92,12.80,33.20,33.20,33.20,33.20,33.20
1981-12-16,0.00,0.00,0.00,0.00,0.00,0.00,0.00,0.00,1.63,3.51,5.39,7.27,9.15,11.03,12.91,33.31,33.31,33.31,33.31,33.31
1981-12-17,0.00,0.00,0.00,0.00,0.00,0.00,0.00,0.00,1.43,3.31,5.19,7.07,8.95,10.83,12.71,33.11,33.11,33.11,33.11,33.11
1981-12-18,0.00,0.00,0.00,0.00,0.00,0.00,0.00,0.00,1.54,3.42,5.30,7.18,9.06,10.94,12.82,33.22,33.22,33.22,33.22,33.22
1981-12-19,0.00,0.00,0.00,0.00,0.00,0.00,0.00,0.00,1.64,3.52,5.40,7.28,9.16,11.04,12.92,33.33,33.33,33.33,33.33,33.33
1981-12-20,0.00,0.00,0.00,0.00,0.00,0.00,0.00,0.00,1.75,3.63,5.51,7.39,9.27,11.15,13.03,33.43,33.43,33.43,33.43,33.43
1981-12-21,0.00,0.00,0.00,0.00,0.00,0.00,0.00,0.00,1.85,3.73,5.61,7.49,9.37,11.25,13.13,33.53,33.53,33.53,33.53,33.53
1981-12-22,0.00,0.00,0.00,0.00,0.00,0.00,0.00,0.07,1.95,3.83,5.71,7.59,9.47,11.35,13.23,33.63,33.63,33.63,33.63,33.63
1981-12-23,0.00,0.00,0.00,0.00,0.00,0.00,0.00,0.16,2.04,3.92,5.80,7.68,9.56,11.44,13.32,33.73,33.73,33.73,33.73,33.73
1981-12-24,0.00,0.00,0.00,0.00,0.00,0.00,0.00,0.00,1.56,3.44,5.32,7.20,9.08,10.96,12.84,33.24,33.24,33.24,33.24,33.24
1981-12-25,0.00,0.00,0.00,0.00,0.00,0.00,0.00,0.00,1.66,3.54,5.42,7.30,9.18,11.06,12.94,33.35,33.35,33.35,33.35,33.35
1981-12-26,0.00,0.00,0.00,0.00,0.00,0.00,0.00,0.00,1.76,3.64,5.52,7.40,9.28,11.17,13.05,33.45,33.45,33.45,33.45,33.45
1981-12-27,0.00,0.00,0.00,0.00,0.00,0.00,0.00,0.00,1.87,3.75,5.63,7.51,9.39,11.27,13.15,33.55,33.55,33.55,33.55,33.55
1981-12-28,0.00,0.00,0.00,0.00,0.00,0.00,0.00,0.08,1.96,3.84,5.72,7.60,9.48,11.36,13.24,33.65,33.65,33.65,33.65,33.65
1981-12-29,0.00,0.00,0.00,0.00,0.00,0.00,0.00,0.18,2.06,3.94,5.82,7.70,9.58,11.46,13.34,33.75,33.75,33.75,33.75,33.75
1981-12-30,0.00,0.00,0.00,0.00,0.00,0.00,0.00,0.26,2.14,4.02,5.90,7.78,9.66,11.54,13.42,33.82,33.82,33.82,33.82,33.82
1981-12-31,0.00,0.00,0.00,0.00,0.00,0.00,0.00,0.35,2.23,4.11,5.99,7.87,9.75,11.63,13.51,33.92,33.92,33.92,33.92,33.92
